"campaignid","sample","family","genus","species","length","min.length","max.length","fb.length_max","reason","difference","percent.of.fb.max"
"2014-10_Montebello.sanctuaries_stereoBRUVs","NCB559","Labridae","Hemigymnus","fasciatus",294.11084,45,255,300,"too big",39.11084,98.0369466666667
"2014-10_Montebello.sanctuaries_stereoBRUVs","NCB559","Scaridae","Chlorurus","rhakoura",403.66354,66.3,375.7,442,"too big",27.96354,91.326592760181
"2014-10_Montebello.sanctuaries_stereoBRUVs","NCB593","Scaridae","Chlorurus","rhakoura",385.05911,66.3,375.7,442,"too big",9.35910999999999,87.1174457013575
"2014-10_Montebello.sanctuaries_stereoBRUVs","NCB593","Scaridae","Chlorurus","rhakoura",453.60722,66.3,375.7,442,"too big",77.90722,102.626067873303
"2014-10_Montebello.sanctuaries_stereoBRUVs","NCB568","Acanthuridae","Acanthurus","nigrofuscus",189.6761,31.5,178.5,210,"too big",11.1761,90.3219523809524
"2014-10_Montebello.sanctuaries_stereoBRUVs","NCB568","Labridae","Hologymnosus","annulatus",341.74517,60,340,400,"too big",1.74516999999997,85.4362925
"2014-10_Montebello.sanctuaries_stereoBRUVs","NCB568","Pomacentridae","Pomacentrus","coelestis",80.18024,13.5,76.5,90,"too big",3.68024,89.0891555555555
"2014-10_Montebello.sanctuaries_stereoBRUVs","NCB536","Tetraodontidae","Feroxodon","multistriatus",450.79424,58.5,331.5,390,"too big",119.29424,115.588266666667
"2014-10_Montebello.sanctuaries_stereoBRUVs","NCB605","Trichonotidae","Trichonotus","setiger",208.9439,33,187,220,"too big",21.9439,94.9745
"2014-10_Montebello.sanctuaries_stereoBRUVs","NCB571","Labridae","Thalassoma","lunare",58.95939,67.5,382.5,450,"too small",8.54061,13.1020866666667
"2014-10_Montebello.sanctuaries_stereoBRUVs","NCB528","Pomacentridae","Pomacentrus","coelestis",86.65298,13.5,76.5,90,"too big",10.15298,96.2810888888889
"2014-10_Montebello.sanctuaries_stereoBRUVs","NCB525","Nemipteridae","Scolopsis","monogramma",345.64956,57,323,380,"too big",22.64956,90.9604105263158
"2014-10_Montebello.sanctuaries_stereoBRUVs","NCB525","Labridae","Cirrhilabrus","temminckii",99.73111,17.4,98.6,116,"too big",1.13111000000001,85.9750948275862
"2014-10_Montebello.sanctuaries_stereoBRUVs","NCB525","Labridae","Cirrhilabrus","temminckii",107.95667,17.4,98.6,116,"too big",9.35667000000001,93.0660948275862
"2014-10_Montebello.sanctuaries_stereoBRUVs","NCB560","Dasyatidae","Neotrygon","australiae",350.76599,61.5,348.5,410,"too big",2.26598999999999,85.5526804878049
"2014-10_Montebello.sanctuaries_stereoBRUVs","NCB527","Echeneidae","Echeneis","naucrates",134.58922,165,935,1100,"too small",30.41078,12.2353836363636
"2014-10_Montebello.sanctuaries_stereoBRUVs","NCB585","Nemipteridae","Pentapodus","porosus",39.50801,40.5,229.5,270,"too small",0.991990000000001,14.6325962962963
"2014-10_Montebello.sanctuaries_stereoBRUVs","NCB585","Nemipteridae","Pentapodus","porosus",38.15422,40.5,229.5,270,"too small",2.34578,14.1311925925926
"2014-10_Montebello.sanctuaries_stereoBRUVs","NCB585","Nemipteridae","Pentapodus","porosus",39.28501,40.5,229.5,270,"too small",1.21499,14.5500037037037
"2014-10_Montebello.sanctuaries_stereoBRUVs","NCB585","Nemipteridae","Pentapodus","porosus",35.66417,40.5,229.5,270,"too small",4.83583,13.2089518518519
"2014-10_Montebello.sanctuaries_stereoBRUVs","NCB585","Nemipteridae","Pentapodus","porosus",37.64885,40.5,229.5,270,"too small",2.85115,13.9440185185185
"2014-10_Montebello.sanctuaries_stereoBRUVs","NCB585","Nemipteridae","Pentapodus","porosus",35.95423,40.5,229.5,270,"too small",4.54577,13.3163814814815
"2014-10_Montebello.sanctuaries_stereoBRUVs","NCB585","Nemipteridae","Pentapodus","porosus",34.67715,40.5,229.5,270,"too small",5.82285,12.8433888888889
"2014-10_Montebello.sanctuaries_stereoBRUVs","NCB585","Nemipteridae","Pentapodus","porosus",40.36475,40.5,229.5,270,"too small",0.135249999999999,14.9499074074074
"2014-10_Montebello.sanctuaries_stereoBRUVs","NCB585","Nemipteridae","Pentapodus","porosus",35.75613,40.5,229.5,270,"too small",4.74387,13.2430111111111
"2014-10_Montebello.sanctuaries_stereoBRUVs","NCB585","Nemipteridae","Pentapodus","porosus",29.05757,40.5,229.5,270,"too small",11.44243,10.762062962963
"2014-10_Montebello.sanctuaries_stereoBRUVs","NCB552","Chaetodontidae","Chaetodon","lunulatus",129.64579,21,119,140,"too big",10.64579,92.6041357142857
"2014-10_Montebello.sanctuaries_stereoBRUVs","NCB552","Chaetodontidae","Chaetodon","lunulatus",125.75128,21,119,140,"too big",6.75127999999999,89.8223428571429
"2014-10_Montebello.sanctuaries_stereoBRUVs","NCB552","Lutjanidae","Lutjanus","carponotatus",371.80994,60,340,400,"too big",31.80994,92.952485
"2014-10_Montebello.sanctuaries_stereoBRUVs","NCB552","Chaetodontidae","Chaetodon","lunula",184.82624,30,170,200,"too big",14.82624,92.41312
"2014-10_Montebello.sanctuaries_stereoBRUVs","NCB562","Scombridae","Gymnosarda","unicolor",330.39546,372,2108,2480,"too small",41.60454,13.3223975806452
"2014-10_Montebello.sanctuaries_stereoBRUVs","NCB575","Serranidae","Epinephelus","fasciatus",59.85808,60,340,400,"too small",0.141919999999999,14.96452
"2014-10_Montebello.sanctuaries_stereoBRUVs","NCB575","Labridae","Thalassoma","lunare",46.59389,67.5,382.5,450,"too small",20.90611,10.3541977777778
"2014-10_Montebello.sanctuaries_stereoBRUVs","NCB575","Acanthuridae","Acanthurus","grammoptilus",302.17723,52.5,297.5,350,"too big",4.67723000000001,86.3363514285714
"2014-10_Montebello.sanctuaries_stereoBRUVs","NCB591","Pomacentridae","Amblyglyphidodon","curacao",94.19475,16.5,93.5,110,"too big",0.694749999999999,85.6315909090909
"2014-10_Montebello.sanctuaries_stereoBRUVs","NCB591","Chaetodontidae","Chaetodon","lunulatus",127.09293,21,119,140,"too big",8.09293,90.7806642857143
"2014-10_Montebello.sanctuaries_stereoBRUVs","NCB579","Labridae","Halichoeres","nebulosus",103.97082,18,102,120,"too big",1.97082,86.64235
"2014-10_Montebello.sanctuaries_stereoBRUVs","NCB563","Monacanthidae","Cantherhines","pardalis",222.53114,37.5,212.5,250,"too big",10.03114,89.012456
"2014-10_Montebello.sanctuaries_stereoBRUVs","NCB563","Scaridae","Chlorurus","sordidus",348.11144,60,340,400,"too big",8.11144000000002,87.02786
"2014-10_Montebello.sanctuaries_stereoBRUVs","NCB563","Chaetodontidae","Chaetodon","unimaculatus",225.91285,30,170,200,"too big",55.91285,112.956425
"2014-10_Montebello.sanctuaries_stereoBRUVs","NCB563","Chaetodontidae","Chaetodon","unimaculatus",219.28918,30,170,200,"too big",49.28918,109.64459
"2014-10_Montebello.sanctuaries_stereoBRUVs","NCB561","Kyphosidae","Kyphosus","vaigiensis",626.89375,105,595,700,"too big",31.89375,89.55625
"2014-10_Montebello.sanctuaries_stereoBRUVs","NCB561","Kyphosidae","Kyphosus","vaigiensis",687.68935,105,595,700,"too big",92.68935,98.2413357142857
"2014-10_Montebello.sanctuaries_stereoBRUVs","NCB592","Scaridae","Scarus","schlegeli",355.12235,60,340,400,"too big",15.12235,88.7805875
"2014-10_Montebello.sanctuaries_stereoBRUVs","NCB541","Acanthuridae","Acanthurus","grammoptilus",311.46577,52.5,297.5,350,"too big",13.96577,88.99022
"2014-10_Montebello.sanctuaries_stereoBRUVs","NCB541","Chaetodontidae","Chaetodon","auriga",198.96787,34.5,195.5,230,"too big",3.46787,86.5077695652174
"2014-10_Montebello.sanctuaries_stereoBRUVs","NCB541","Labridae","Thalassoma","lunare",64.94684,67.5,382.5,450,"too small",2.55316000000001,14.4326311111111
"2014-10_Montebello.sanctuaries_stereoBRUVs","NCB549","Labridae","Anampses","lennardi",283.41112,42,238,280,"too big",45.41112,101.218257142857
"2014-10_Montebello.sanctuaries_stereoBRUVs","NCB549","Scaridae","Scarus","chameleon",288.02189,46.5,263.5,310,"too big",24.52189,92.9102870967742
"2014-10_Montebello.sanctuaries_stereoBRUVs","NCB577","Lutjanidae","Lutjanus","carponotatus",397.74206,60,340,400,"too big",57.74206,99.435515
"2014-10_Montebello.sanctuaries_stereoBRUVs","NCB577","Labridae","Hologymnosus","annulatus",384.33648,60,340,400,"too big",44.33648,96.08412
"2014-10_Montebello.sanctuaries_stereoBRUVs","NCB577","Labridae","Thalassoma","lunare",60.78015,67.5,382.5,450,"too small",6.71985,13.5067
"2014-10_Montebello.sanctuaries_stereoBRUVs","NCB577","Chaetodontidae","Heniochus","singularius",293.45296,45,255,300,"too big",38.45296,97.8176533333333
"2014-10_Montebello.sanctuaries_stereoBRUVs","NCB600","Pomacentridae","Abudefduf","bengalensis",172.30545,27,153,180,"too big",19.30545,95.72525
"2014-10_Montebello.sanctuaries_stereoBRUVs","NCB600","Serranidae","Epinephelus","bilobatus",343.31642,60,340,400,"too big",3.31641999999999,85.829105
"2014-10_Montebello.sanctuaries_stereoBRUVs","NCB564","Chaetodontidae","Heniochus","singularius",278.41773,45,255,300,"too big",23.41773,92.80591
"2014-10_Montebello.sanctuaries_stereoBRUVs","NCB564","Scaridae","Scarus","rivulatus",358.17084,60,340,400,"too big",18.17084,89.54271
"2014-10_Montebello.sanctuaries_stereoBRUVs","NCB564","Scaridae","Scarus","rivulatus",343.88738,60,340,400,"too big",3.88738000000001,85.971845
"2014-10_Montebello.sanctuaries_stereoBRUVs","NCB564","Scaridae","Hipposcarus","longiceps",558.6617,90,510,600,"too big",48.6617,93.1102833333333
"2014-10_Montebello.sanctuaries_stereoBRUVs","NCB522","Labridae","Leptojulis","cyanopleura",120.35816,19.5,110.5,130,"too big",9.85816,92.5832
"2014-10_Montebello.sanctuaries_stereoBRUVs","NCB544","Labridae","Macropharyngodon","negrosensis",118.49972,18,102,120,"too big",16.49972,98.7497666666667
"2014-10_Montebello.sanctuaries_stereoBRUVs","NCB539","Labridae","Halichoeres","nebulosus",104.44154,18,102,120,"too big",2.44154,87.0346166666667
"2014-10_Montebello.sanctuaries_stereoBRUVs","NCB539","Labridae","Choerodon","cauteroma",428.75325,64.5,365.5,430,"too big",63.25325,99.7100581395349
"2014-10_Montebello.sanctuaries_stereoBRUVs","NCB543","Lutjanidae","Lutjanus","carponotatus",344.42059,60,340,400,"too big",4.42059,86.1051475
"2014-10_Montebello.sanctuaries_stereoBRUVs","NCB586","Nemipteridae","Pentapodus","porosus",39.35448,40.5,229.5,270,"too small",1.14552,14.5757333333333
"2014-10_Montebello.sanctuaries_stereoBRUVs","NCB586","Nemipteridae","Pentapodus","porosus",33.21032,40.5,229.5,270,"too small",7.28968,12.3001185185185
"2014-10_Montebello.sanctuaries_stereoBRUVs","NCB586","Nemipteridae","Pentapodus","porosus",32.08437,40.5,229.5,270,"too small",8.41563,11.8831
"2014-10_Montebello.sanctuaries_stereoBRUVs","NCB586","Nemipteridae","Pentapodus","porosus",21.16191,40.5,229.5,270,"too small",19.33809,7.83774444444444
"2014-10_Montebello.sanctuaries_stereoBRUVs","NCB586","Nemipteridae","Pentapodus","porosus",25.70053,40.5,229.5,270,"too small",14.79947,9.51871481481481
"2014-10_Montebello.sanctuaries_stereoBRUVs","NCB586","Nemipteridae","Pentapodus","porosus",37.02759,40.5,229.5,270,"too small",3.47241,13.7139222222222
"2014-10_Montebello.sanctuaries_stereoBRUVs","NCB586","Nemipteridae","Pentapodus","porosus",35.23791,40.5,229.5,270,"too small",5.26209,13.0510777777778
"2014-10_Montebello.sanctuaries_stereoBRUVs","NCB586","Nemipteridae","Pentapodus","porosus",32.08636,40.5,229.5,270,"too small",8.41364,11.883837037037
"2014-10_Montebello.sanctuaries_stereoBRUVs","NCB586","Nemipteridae","Pentapodus","porosus",32.87929,40.5,229.5,270,"too small",7.62071,12.1775148148148
"2014-10_Montebello.sanctuaries_stereoBRUVs","NCB586","Nemipteridae","Pentapodus","porosus",34.57717,40.5,229.5,270,"too small",5.92283,12.8063592592593
"2014-10_Montebello.sanctuaries_stereoBRUVs","NCB590","Nemipteridae","Pentapodus","porosus",30.5674,40.5,229.5,270,"too small",9.9326,11.3212592592593
"2014-10_Montebello.sanctuaries_stereoBRUVs","NCB590","Nemipteridae","Pentapodus","porosus",38.09284,40.5,229.5,270,"too small",2.40716,14.1084592592593
"2014-10_Montebello.sanctuaries_stereoBRUVs","NCB590","Nemipteridae","Pentapodus","porosus",28.60593,40.5,229.5,270,"too small",11.89407,10.5947888888889
"2014-10_Montebello.sanctuaries_stereoBRUVs","NCB590","Serranidae","Epinephelus","bilobatus",389.86961,60,340,400,"too big",49.86961,97.4674025
"2014-10_Montebello.sanctuaries_stereoBRUVs","NCB574","Lethrinidae","Lethrinus","ravus",268.05912,45,255,300,"too big",13.05912,89.35304
"2014-10_Montebello.sanctuaries_stereoBRUVs","NCB583","Carangidae","Selaroides","leptolepis",257.43279,33,187,220,"too big",70.43279,117.014904545455
"2014-10_Montebello.sanctuaries_stereoBRUVs","NCB583","Carangidae","Selaroides","leptolepis",236.06961,33,187,220,"too big",49.06961,107.304368181818
"2014-10_Montebello.sanctuaries_stereoBRUVs","NCB583","Carangidae","Selaroides","leptolepis",243.82006,33,187,220,"too big",56.82006,110.8273
"2014-10_Montebello.sanctuaries_stereoBRUVs","NCB583","Carangidae","Selaroides","leptolepis",248.1238,33,187,220,"too big",61.1238,112.783545454545
"2014-10_Montebello.sanctuaries_stereoBRUVs","NCB583","Carangidae","Selaroides","leptolepis",251.34329,33,187,220,"too big",64.34329,114.24695
"2014-10_Montebello.sanctuaries_stereoBRUVs","NCB555","Labridae","Halichoeres","nebulosus",104.69713,18,102,120,"too big",2.69713,87.2476083333333
"2014-10_Montebello.sanctuaries_stereoBRUVs","NCB555","Serranidae","Epinephelus","fasciatus",55.1592,60,340,400,"too small",4.8408,13.7898
"2014-10_Montebello.sanctuaries_stereoBRUVs","NCB555","Pomacentridae","Pomacentrus","coelestis",77.72414,13.5,76.5,90,"too big",1.22414000000001,86.3601555555556
"2014-10_Montebello.sanctuaries_stereoBRUVs","NCB597","Lutjanidae","Lutjanus","carponotatus",404.64768,60,340,400,"too big",64.64768,101.16192
"2014-10_Montebello.sanctuaries_stereoBRUVs","NCB597","Lutjanidae","Lutjanus","carponotatus",344.71323,60,340,400,"too big",4.71323000000001,86.1783075
"2014-10_Montebello.sanctuaries_stereoBRUVs","NCB597","Serranidae","Epinephelus","bilobatus",384.00646,60,340,400,"too big",44.00646,96.001615
"2014-10_Montebello.sanctuaries_stereoBRUVs","NCB597","Chaetodontidae","Chaetodon","lunula",191.63495,30,170,200,"too big",21.63495,95.817475
"2014-10_Montebello.sanctuaries_stereoBRUVs","NCB597","Chaetodontidae","Chaetodon","lunula",203.36352,30,170,200,"too big",33.36352,101.68176
"2014-10_Montebello.sanctuaries_stereoBRUVs","NCB597","Dasyatidae","Neotrygon","australiae",375.54971,61.5,348.5,410,"too big",27.04971,91.5974902439024
"2014-10_Montebello.sanctuaries_stereoBRUVs","NCB597","Echeneidae","Echeneis","naucrates",159.71224,165,935,1100,"too small",5.28775999999999,14.5192945454545
"2014-10_Montebello.sanctuaries_stereoBRUVs","NCB569","Siganidae","Siganus","trispilos",220.32077,37.5,212.5,250,"too big",7.82077000000001,88.128308
"2014-10_Montebello.sanctuaries_stereoBRUVs","NCB569","Siganidae","Siganus","trispilos",213.32446,37.5,212.5,250,"too big",0.824459999999988,85.329784
"2014-10_Montebello.sanctuaries_stereoBRUVs","NCB589","Mullidae","Parupeneus","barberinoides",42.48978,45,255,300,"too small",2.51022,14.16326
"2014-10_Montebello.sanctuaries_stereoBRUVs","NCB589","Nemipteridae","Pentapodus","porosus",37.56212,40.5,229.5,270,"too small",2.93788,13.9118962962963
"2014-10_Montebello.sanctuaries_stereoBRUVs","NCB589","Nemipteridae","Pentapodus","porosus",29.35866,40.5,229.5,270,"too small",11.14134,10.8735777777778
"2014-10_Montebello.sanctuaries_stereoBRUVs","NCB589","Nemipteridae","Pentapodus","porosus",34.82604,40.5,229.5,270,"too small",5.67396,12.8985333333333
"2014-10_Montebello.sanctuaries_stereoBRUVs","NCB589","Nemipteridae","Pentapodus","porosus",29.86896,40.5,229.5,270,"too small",10.63104,11.0625777777778
"2014-10_Montebello.sanctuaries_stereoBRUVs","NCB589","Nemipteridae","Pentapodus","porosus",28.63268,40.5,229.5,270,"too small",11.86732,10.6046962962963
"2014-10_Montebello.sanctuaries_stereoBRUVs","NCB589","Balistidae","Abalistes","stellatus",550.8556,90,510,600,"too big",40.8556,91.8092666666667
"2014-10_Montebello.sanctuaries_stereoBRUVs","NCB589","Balistidae","Abalistes","stellatus",517.33298,90,510,600,"too big",7.33298000000002,86.2221633333333
"2014-10_Montebello.sanctuaries_stereoBRUVs","NCB589","Mullidae","Parupeneus","spilurus",32.32534,75,425,500,"too small",42.67466,6.465068
"2014-10_Montebello.sanctuaries_stereoBRUVs","NCB554","Labridae","Thalassoma","lunare",64.73838,67.5,382.5,450,"too small",2.76161999999999,14.3863066666667
"2014-10_Montebello.sanctuaries_stereoBRUVs","NCB566","Pomacentridae","Pomacentrus","coelestis",84.54857,13.5,76.5,90,"too big",8.04857,93.9428555555556
"2014-10_Montebello.sanctuaries_stereoBRUVs","NCB566","Siganidae","Siganus","trispilos",261.42881,37.5,212.5,250,"too big",48.92881,104.571524
"2014-10_Montebello.sanctuaries_stereoBRUVs","NCB566","Labridae","Thalassoma","lunare",52.76077,67.5,382.5,450,"too small",14.73923,11.7246155555556
"2014-10_Montebello.sanctuaries_stereoBRUVs","NCB566","Labridae","Thalassoma","lunare",61.0995,67.5,382.5,450,"too small",6.4005,13.5776666666667
"2014-10_Montebello.sanctuaries_stereoBRUVs","NCB566","Labridae","Thalassoma","lunare",54.18468,67.5,382.5,450,"too small",13.31532,12.04104
"2014-10_Montebello.sanctuaries_stereoBRUVs","NCB566","Labridae","Thalassoma","lunare",41.8496,67.5,382.5,450,"too small",25.6504,9.29991111111111
"2014-10_Montebello.sanctuaries_stereoBRUVs","NCB566","Labridae","Thalassoma","lunare",67.40599,67.5,382.5,450,"too small",0.0940099999999973,14.9791088888889
"2014-10_Montebello.sanctuaries_stereoBRUVs","NCB566","Labridae","Thalassoma","lunare",52.675,67.5,382.5,450,"too small",14.825,11.7055555555556
"2014-10_Montebello.sanctuaries_stereoBRUVs","NCB566","Serranidae","Epinephelus","bilobatus",368.93748,60,340,400,"too big",28.93748,92.23437
"2014-10_Montebello.sanctuaries_stereoBRUVs","NCB566","Labridae","Macropharyngodon","negrosensis",105.17096,18,102,120,"too big",3.17095999999999,87.6424666666667
"2014-10_Montebello.sanctuaries_stereoBRUVs","NCB566","Lutjanidae","Lutjanus","carponotatus",349.27107,60,340,400,"too big",9.27107000000001,87.3177675
"2014-10_Montebello.sanctuaries_stereoBRUVs","NCB546","Haemulidae","Diagramma","pictum labiosum",822.6146,135,765,900,"too big",57.6146,91.4016222222222
"2014-10_Montebello.sanctuaries_stereoBRUVs","NCB531","Pomacanthidae","Pomacanthus","sexstriatus",431.36727,69,391,460,"too big",40.36727,93.7754934782609
"2014-10_Montebello.sanctuaries_stereoBRUVs","NCB557","Labridae","Hemigymnus","fasciatus",256.32564,45,255,300,"too big",1.32564000000002,85.44188
"2014-10_Montebello.sanctuaries_stereoBRUVs","NCB557","Labridae","Hemigymnus","fasciatus",314.79991,45,255,300,"too big",59.79991,104.933303333333
"2014-10_Montebello.sanctuaries_stereoBRUVs","NCB557","Labridae","Anampses","melanurus",234.36963,18,102,120,"too big",132.36963,195.308025
"2014-10_Montebello.sanctuaries_stereoBRUVs","NCB557","Pomacentridae","Abudefduf","bengalensis",169.62445,27,153,180,"too big",16.62445,94.2358055555556
"2014-10_Montebello.sanctuaries_stereoBRUVs","NCB557","Chaetodontidae","Chaetodon","lunula",195.33115,30,170,200,"too big",25.33115,97.665575
"2014-10_Montebello.sanctuaries_stereoBRUVs","NCB558","Carangidae","Atule","mate",285.09593,45,255,300,"too big",30.09593,95.0319766666667
"2014-10_Montebello.sanctuaries_stereoBRUVs","NCB558","Carangidae","Atule","mate",287.74911,45,255,300,"too big",32.74911,95.91637
"2014-10_Montebello.sanctuaries_stereoBRUVs","NCB558","Dasyatidae","Neotrygon","australiae",471.70036,61.5,348.5,410,"too big",123.20036,115.048868292683
"2014-10_Montebello.sanctuaries_stereoBRUVs","NCB530","Tetraodontidae","Feroxodon","multistriatus",508.38211,58.5,331.5,390,"too big",176.88211,130.354387179487
"2014-10_Montebello.sanctuaries_stereoBRUVs","NCB573","Labridae","Thalassoma","lunare",62.74902,67.5,382.5,450,"too small",4.75098,13.9442266666667
"2014-10_Montebello.sanctuaries_stereoBRUVs","NCB598","Labridae","Thalassoma","lunare",46.97618,67.5,382.5,450,"too small",20.52382,10.4391511111111
"2014-10_Montebello.sanctuaries_stereoBRUVs","NCB598","Labridae","Thalassoma","lunare",42.11888,67.5,382.5,450,"too small",25.38112,9.35975111111111
"2014-10_Montebello.sanctuaries_stereoBRUVs","NCB598","Labridae","Thalassoma","lunare",48.33744,67.5,382.5,450,"too small",19.16256,10.7416533333333
"2014-10_Montebello.sanctuaries_stereoBRUVs","NCB598","Chaetodontidae","Chaetodon","lunulatus",206.97394,21,119,140,"too big",87.97394,147.838528571429
"2014-10_Montebello.sanctuaries_stereoBRUVs","NCB598","Chaetodontidae","Chaetodon","lunulatus",191.28796,21,119,140,"too big",72.28796,136.634257142857
"2014-10_Montebello.sanctuaries_stereoBRUVs","NCB598","Lutjanidae","Lutjanus","carponotatus",344.91115,60,340,400,"too big",4.91115000000002,86.2277875
"2014-10_Montebello.sanctuaries_stereoBRUVs","NCB598","Lutjanidae","Lutjanus","carponotatus",350.66989,60,340,400,"too big",10.66989,87.6674725
"2014-10_Montebello.sanctuaries_stereoBRUVs","NCB598","Labridae","Anampses","lennardi",261.09617,42,238,280,"too big",23.09617,93.2486321428571
"2014-10_Montebello.sanctuaries_stereoBRUVs","NCB521","Echeneidae","Echeneis","naucrates",157.97309,165,935,1100,"too small",7.02690999999999,14.36119
"2014-10_Montebello.sanctuaries_stereoBRUVs","NCB521","Tetraodontidae","Feroxodon","multistriatus",551.694,58.5,331.5,390,"too big",220.194,141.46
"2014-10_Montebello.sanctuaries_stereoBRUVs","NCB578","Labridae","Hologymnosus","annulatus",365.74849,60,340,400,"too big",25.74849,91.4371225
"2014-10_Montebello.sanctuaries_stereoBRUVs","NCB578","Balistidae","Sufflamen","chrysopterum",270.44165,45,255,300,"too big",15.44165,90.1472166666667
"2014-10_Montebello.sanctuaries_stereoBRUVs","NCB578","Pomacentridae","Abudefduf","bengalensis",162.87657,27,153,180,"too big",9.87656999999999,90.4869833333333
"2014-10_Montebello.sanctuaries_stereoBRUVs","NCB565","Labridae","Macropharyngodon","negrosensis",104.06955,18,102,120,"too big",2.06955000000001,86.724625
"2014-10_Montebello.sanctuaries_stereoBRUVs","NCB565","Scaridae","Scarus","rivulatus",341.89206,60,340,400,"too big",1.89206000000001,85.473015
"2014-10_Montebello.sanctuaries_stereoBRUVs","NCB565","Pomacentridae","Amphiprion","perideraion",85.03614,15,85,100,"too big",0.0361400000000032,85.03614
"2014-10_Montebello.sanctuaries_stereoBRUVs","NCB565","Carangidae","Gnathanodon","speciosus",140.26227,180,1020,1200,"too small",39.73773,11.6885225
"2014-10_Montebello.sanctuaries_stereoBRUVs","NCB565","Siganidae","Siganus","trispilos",257.13773,37.5,212.5,250,"too big",44.63773,102.855092
"2014-10_Montebello.sanctuaries_stereoBRUVs","NCB565","Siganidae","Siganus","trispilos",279.46855,37.5,212.5,250,"too big",66.96855,111.78742
"2014-10_Montebello.sanctuaries_stereoBRUVs","NCB565","Lutjanidae","Symphorus","nematophorus",860.78795,150,850,1000,"too big",10.78795,86.078795
"2014-10_Montebello.sanctuaries_stereoBRUVs","NCB572","Scaridae","Scarus","schlegeli",342.35223,60,340,400,"too big",2.35223000000002,85.5880575
"2014-10_Montebello.sanctuaries_stereoBRUVs","NCB572","Scaridae","Chlorurus","rhakoura",391.8022,66.3,375.7,442,"too big",16.1022,88.6430316742081
"2014-10_Montebello.sanctuaries_stereoBRUVs","NCB572","Acanthuridae","Acanthurus","grammoptilus",445.41854,52.5,297.5,350,"too big",147.91854,127.26244
"2014-10_Montebello.sanctuaries_stereoBRUVs","NCB572","Lethrinidae","Lethrinus","microdon",803.52411,120,680,800,"too big",123.52411,100.44051375
"2014-10_Montebello.sanctuaries_stereoBRUVs","NCB572","Lutjanidae","Lutjanus","bohar",800.2588,135,765,900,"too big",35.2588,88.9176444444444
"2014-10_Montebello.sanctuaries_stereoBRUVs","NCB572","Chaetodontidae","Chaetodon","aureofasciatus",159.39688,22.5,127.5,150,"too big",31.89688,106.264586666667
"2014-10_Montebello.sanctuaries_stereoBRUVs","NCB551","Acanthuridae","Naso","annulatus",84.36622,150,850,1000,"too small",65.63378,8.436622
"2014-10_Montebello.sanctuaries_stereoBRUVs","NCB551","Echeneidae","Echeneis","naucrates",114.11619,165,935,1100,"too small",50.88381,10.3741990909091
"2014-10_Montebello.sanctuaries_stereoBRUVs","NCB551","Chaetodontidae","Chaetodon","lunula",187.84358,30,170,200,"too big",17.84358,93.92179
"2014-10_Montebello.sanctuaries_stereoBRUVs","NCB596","Chaetodontidae","Chaetodon","aureofasciatus",133.9012,22.5,127.5,150,"too big",6.40119999999999,89.2674666666667
"2014-10_Montebello.sanctuaries_stereoBRUVs","NCB596","Labridae","Thalassoma","lunare",56.8002,67.5,382.5,450,"too small",10.6998,12.6222666666667
"2014-10_Montebello.sanctuaries_stereoBRUVs","NCB596","Labridae","Hologymnosus","annulatus",377.58625,60,340,400,"too big",37.58625,94.3965625
"2014-10_Montebello.sanctuaries_stereoBRUVs","NCB596","Serranidae","Epinephelus","bilobatus",415.73671,60,340,400,"too big",75.73671,103.9341775
"2014-10_Montebello.sanctuaries_stereoBRUVs","NCB596","Grammistidae","Diploprion","bifasciatum",228.55311,37.5,212.5,250,"too big",16.05311,91.421244
"2014-10_Montebello.sanctuaries_stereoBRUVs","NCB524","Haemulidae","Plectorhinchus","flavomaculatus",683.60086,90,510,600,"too big",173.60086,113.933476666667
"2014-10_Montebello.sanctuaries_stereoBRUVs","NCB567","Chaetodontidae","Chaetodon","adiergastos",176.69719,30,170,200,"too big",6.69719000000001,88.348595
"2014-10_Montebello.sanctuaries_stereoBRUVs","NCB567","Chaetodontidae","Chaetodon","adiergastos",179.22915,30,170,200,"too big",9.22915,89.614575
"2014-10_Montebello.sanctuaries_stereoBRUVs","NCB588","Lutjanidae","Lutjanus","carponotatus",357.61079,60,340,400,"too big",17.61079,89.4026975
"2014-10_Montebello.sanctuaries_stereoBRUVs","NCB588","Labridae","Thalassoma","lunare",64.33182,67.5,382.5,450,"too small",3.16818000000001,14.29596
"2014-10_Montebello.sanctuaries_stereoBRUVs","NCB588","Labridae","Thalassoma","lunare",49.45361,67.5,382.5,450,"too small",18.04639,10.9896911111111
"2014-10_Montebello.sanctuaries_stereoBRUVs","NCB588","Labridae","Thalassoma","lunare",56.92771,67.5,382.5,450,"too small",10.57229,12.6506022222222
"2014-10_Montebello.sanctuaries_stereoBRUVs","NCB588","Labridae","Thalassoma","lunare",62.81872,67.5,382.5,450,"too small",4.68128,13.9597155555556
"2014-10_Montebello.sanctuaries_stereoBRUVs","NCB588","Labridae","Thalassoma","lunare",66.11603,67.5,382.5,450,"too small",1.38397000000001,14.6924511111111
"2014-10_Montebello.sanctuaries_stereoBRUVs","NCB588","Pomacanthidae","Chaetodontoplus","duboulayi",252.52288,42,238,280,"too big",14.52288,90.1867428571429
"2014-10_Montebello.sanctuaries_stereoBRUVs","NCB529","Labridae","Anampses","lennardi",306.36838,42,238,280,"too big",68.36838,109.417278571429
"2014-10_Montebello.sanctuaries_stereoBRUVs","NCB529","Labridae","Thalassoma","lunare",46.08407,67.5,382.5,450,"too small",21.41593,10.2409044444444
"2014-10_Montebello.sanctuaries_stereoBRUVs","NCB547","Carangidae","Atule","mate",256.50099,45,255,300,"too big",1.50099,85.50033
"2014-10_Montebello.sanctuaries_stereoBRUVs","NCB542","Labridae","Thalassoma","lunare",56.21416,67.5,382.5,450,"too small",11.28584,12.4920355555556
"2014-10_Montebello.sanctuaries_stereoBRUVs","NCB545","Labridae","Halichoeres","nebulosus",108.02903,18,102,120,"too big",6.02903000000001,90.0241916666667
"2014-10_Montebello.sanctuaries_stereoBRUVs","NCB545","Lethrinidae","Lethrinus","atkinsoni",74.28768,75,425,500,"too small",0.712320000000005,14.857536
"2014-10_Montebello.sanctuaries_stereoBRUVs","NCB545","Labridae","Coris","caudimacula",191.59294,30,170,200,"too big",21.59294,95.79647
"2014-10_Montebello.sanctuaries_stereoBRUVs","NCB545","Elopidae","Elops","hawaiensis",1095.94631,180,1020,1200,"too big",75.94631,91.3288591666667
"2015-01_Montebello.transect_stereoBRUVs","NCB680","Mullidae","Parupeneus","barberinoides",30.65754,45,255,300,"too small",14.34246,10.21918
"2015-01_Montebello.transect_stereoBRUVs","NCB680","Mullidae","Parupeneus","heptacanthus",52.54226,54,306,360,"too small",1.45774,14.5950722222222
"2015-01_Montebello.transect_stereoBRUVs","NCB680","Nemipteridae","Pentapodus","porosus",37.02891,40.5,229.5,270,"too small",3.47109,13.7144111111111
"2015-01_Montebello.transect_stereoBRUVs","NCB680","Nemipteridae","Pentapodus","porosus",36.13362,40.5,229.5,270,"too small",4.36638,13.3828222222222
"2015-01_Montebello.transect_stereoBRUVs","NCB678","Labridae","Choerodon","cauteroma",377.87123,64.5,365.5,430,"too big",12.37123,87.8770302325582
"2015-01_Montebello.transect_stereoBRUVs","NCB678","Carangidae","Carangoides","caeruleopinnatus",406.77465,61.5,348.5,410,"too big",58.27465,99.2133292682927
"2015-01_Montebello.transect_stereoBRUVs","NCB678","Microdesmidae","Ptereleotris","monoptera",103.94292,18,102,120,"too big",1.94292,86.6191
"2015-01_Montebello.transect_stereoBRUVs","NCB669","Lutjanidae","Lutjanus","lemniscatus",52.14719,97.5,552.5,650,"too small",45.35281,8.02264461538462
"2015-01_Montebello.transect_stereoBRUVs","NCB637","Tetraodontidae","Feroxodon","multistriatus",357.35946,58.5,331.5,390,"too big",25.85946,91.6306307692308
"2015-01_Montebello.transect_stereoBRUVs","NCB637","Apogonidae","Rhabdamia","gracilis",8.67879,9,51,60,"too small",0.321210000000001,14.46465
"2015-01_Montebello.transect_stereoBRUVs","NCB637","Apogonidae","Rhabdamia","gracilis",8.75018,9,51,60,"too small",0.24982,14.5836333333333
"2015-01_Montebello.transect_stereoBRUVs","NCB618","Tetraodontidae","Feroxodon","multistriatus",433.2786,58.5,331.5,390,"too big",101.7786,111.097076923077
"2015-01_Montebello.transect_stereoBRUVs","NCB640","Labridae","Choerodon","cauteroma",378.62976,64.5,365.5,430,"too big",13.12976,88.0534325581395
"2015-01_Montebello.transect_stereoBRUVs","NCB640","Pomacanthidae","Pomacanthus","semicirculatus",385.39787,60,340,400,"too big",45.39787,96.3494675
"2015-01_Montebello.transect_stereoBRUVs","NCB640","Pomacanthidae","Chaetodontoplus","duboulayi",421.35424,42,238,280,"too big",183.35424,150.483657142857
"2015-01_Montebello.transect_stereoBRUVs","NCB640","Nemipteridae","Scolopsis","monogramma",350.31244,57,323,380,"too big",27.31244,92.1874842105263
"2015-01_Montebello.transect_stereoBRUVs","NCB640","Serranidae","Epinephelus","bilobatus",386.83856,60,340,400,"too big",46.83856,96.70964
"2015-01_Montebello.transect_stereoBRUVs","NCB640","Pomacanthidae","Chaetodontoplus","duboulayi",271.60727,42,238,280,"too big",33.60727,97.0025964285714
"2015-01_Montebello.transect_stereoBRUVs","NCB640","Serranidae","Epinephelus","bilobatus",354.71009,60,340,400,"too big",14.71009,88.6775225
"2015-01_Montebello.transect_stereoBRUVs","NCB640","Pomacentridae","Chromis","fumea",86.7855,15,85,100,"too big",1.7855,86.7855
"2015-01_Montebello.transect_stereoBRUVs","NCB691","Serranidae","Epinephelus","bilobatus",367.59669,60,340,400,"too big",27.59669,91.8991725
"2015-01_Montebello.transect_stereoBRUVs","NCB691","Serranidae","Epinephelus","bilobatus",384.53787,60,340,400,"too big",44.53787,96.1344675
"2015-01_Montebello.transect_stereoBRUVs","NCB721","Lethrinidae","Lethrinus","ravus",283.53642,45,255,300,"too big",28.53642,94.51214
"2015-01_Montebello.transect_stereoBRUVs","NCB721","Lethrinidae","Lethrinus","ravus",292.44449,45,255,300,"too big",37.44449,97.4814966666667
"2015-01_Montebello.transect_stereoBRUVs","NCB721","Lethrinidae","Lethrinus","ravus",289.57563,45,255,300,"too big",34.57563,96.52521
"2015-01_Montebello.transect_stereoBRUVs","NCB713","Pomacanthidae","Chaetodontoplus","duboulayi",268.2041,42,238,280,"too big",30.2041,95.7871785714286
"2015-01_Montebello.transect_stereoBRUVs","NCB713","Lethrinidae","Lethrinus","ravus",276.42079,45,255,300,"too big",21.42079,92.1402633333333
"2015-01_Montebello.transect_stereoBRUVs","NCB713","Lethrinidae","Lethrinus","ravus",256.20122,45,255,300,"too big",1.20121999999998,85.4004066666667
"2015-01_Montebello.transect_stereoBRUVs","NCB659","Labridae","Choerodon","cauteroma",366.54057,64.5,365.5,430,"too big",1.04057,85.2419930232558
"2015-01_Montebello.transect_stereoBRUVs","NCB659","Lethrinidae","Lethrinus","ravus",291.33848,45,255,300,"too big",36.33848,97.1128266666667
"2015-01_Montebello.transect_stereoBRUVs","NCB659","Lethrinidae","Lethrinus","ravus",264.72685,45,255,300,"too big",9.72685000000001,88.2422833333333
"2015-01_Montebello.transect_stereoBRUVs","NCB659","Lethrinidae","Lethrinus","ravus",266.98699,45,255,300,"too big",11.98699,88.9956633333333
"2015-01_Montebello.transect_stereoBRUVs","NCB659","Lethrinidae","Lethrinus","ravus",260.71639,45,255,300,"too big",5.71638999999999,86.9054633333333
"2015-01_Montebello.transect_stereoBRUVs","NCB659","Serranidae","Epinephelus","bilobatus",355.54925,60,340,400,"too big",15.54925,88.8873125
"2015-01_Montebello.transect_stereoBRUVs","NCB720","Lethrinidae","Lethrinus","ravus",267.35511,45,255,300,"too big",12.35511,89.11837
"2015-01_Montebello.transect_stereoBRUVs","NCB720","Lethrinidae","Lethrinus","ravus",292.42486,45,255,300,"too big",37.42486,97.4749533333333
"2015-01_Montebello.transect_stereoBRUVs","NCB720","Pomacanthidae","Apolemichthys","trimaculatus",223.98316,39,221,260,"too big",2.98316,86.1473692307692
"2015-01_Montebello.transect_stereoBRUVs","NCB720","Labridae","Coris","caudimacula",174.71814,30,170,200,"too big",4.71814000000001,87.35907
"2015-01_Montebello.transect_stereoBRUVs","NCB720","Cirrhitidae","Cirrhitichthys","falco",62.17004,10.5,59.5,70,"too big",2.67004,88.8143428571429
"2015-01_Montebello.transect_stereoBRUVs","NCB720","Cirrhitidae","Cirrhitichthys","falco",76.28051,10.5,59.5,70,"too big",16.78051,108.972157142857
"2015-01_Montebello.transect_stereoBRUVs","NCB720","Labridae","Bodianus","perditio",77.18139,120,680,800,"too small",42.81861,9.64767375
"2015-01_Montebello.transect_stereoBRUVs","NCB720","Pomacanthidae","Pomacanthus","imperator",382.62871,60,340,400,"too big",42.62871,95.6571775
"2015-01_Montebello.transect_stereoBRUVs","NCB719","Labridae","Bodianus","perditio",68.41525,120,680,800,"too small",51.58475,8.55190625
"2015-01_Montebello.transect_stereoBRUVs","NCB625","Pomacanthidae","Pomacanthus","semicirculatus",365.60545,60,340,400,"too big",25.60545,91.4013625
"2015-01_Montebello.transect_stereoBRUVs","NCB625","Carangidae","Gnathanodon","speciosus",23.53308,180,1020,1200,"too small",156.46692,1.96109
"2015-01_Montebello.transect_stereoBRUVs","NCB625","Siganidae","Siganus","argenteus",346.33959,60,340,400,"too big",6.33958999999999,86.5848975
"2015-01_Montebello.transect_stereoBRUVs","NCB625","Scaridae","Scarus","rubroviolaceus",614.29258,105,595,700,"too big",19.29258,87.7560828571429
"2015-01_Montebello.transect_stereoBRUVs","NCB649","Labridae","Leptojulis","cyanopleura",119.48761,19.5,110.5,130,"too big",8.98761,91.9135461538462
"2015-01_Montebello.transect_stereoBRUVs","NCB649","Lethrinidae","Lethrinus","ravus",291.69654,45,255,300,"too big",36.69654,97.23218
"2015-01_Montebello.transect_stereoBRUVs","NCB649","Carangidae","Atule","mate",341.70571,45,255,300,"too big",86.70571,113.901903333333
"2015-01_Montebello.transect_stereoBRUVs","NCB649","Carangidae","Atule","mate",329.89709,45,255,300,"too big",74.89709,109.965696666667
"2015-01_Montebello.transect_stereoBRUVs","NCB649","Carangidae","Atule","mate",389.678,45,255,300,"too big",134.678,129.892666666667
"2015-01_Montebello.transect_stereoBRUVs","NCB649","Carangidae","Atule","mate",307.52931,45,255,300,"too big",52.52931,102.50977
"2015-01_Montebello.transect_stereoBRUVs","NCB649","Carangidae","Atule","mate",277.55812,45,255,300,"too big",22.55812,92.5193733333333
"2015-01_Montebello.transect_stereoBRUVs","NCB649","Carangidae","Atule","mate",312.47501,45,255,300,"too big",57.47501,104.158336666667
"2015-01_Montebello.transect_stereoBRUVs","NCB649","Carangidae","Atule","mate",257.02837,45,255,300,"too big",2.02837,85.6761233333333
"2015-01_Montebello.transect_stereoBRUVs","NCB649","Carangidae","Atule","mate",288.06579,45,255,300,"too big",33.06579,96.02193
"2015-01_Montebello.transect_stereoBRUVs","NCB649","Carangidae","Atule","mate",315.19184,45,255,300,"too big",60.19184,105.063946666667
"2015-01_Montebello.transect_stereoBRUVs","NCB649","Carangidae","Atule","mate",322.00292,45,255,300,"too big",67.00292,107.334306666667
"2015-01_Montebello.transect_stereoBRUVs","NCB649","Carangidae","Atule","mate",346.29895,45,255,300,"too big",91.29895,115.432983333333
"2015-01_Montebello.transect_stereoBRUVs","NCB649","Carangidae","Atule","mate",376.56824,45,255,300,"too big",121.56824,125.522746666667
"2015-01_Montebello.transect_stereoBRUVs","NCB649","Carangidae","Atule","mate",294.67345,45,255,300,"too big",39.67345,98.2244833333333
"2015-01_Montebello.transect_stereoBRUVs","NCB649","Carangidae","Atule","mate",266.31388,45,255,300,"too big",11.31388,88.7712933333333
"2015-01_Montebello.transect_stereoBRUVs","NCB649","Carangidae","Atule","mate",279.65741,45,255,300,"too big",24.65741,93.2191366666667
"2015-01_Montebello.transect_stereoBRUVs","NCB649","Carangidae","Atule","mate",265.73725,45,255,300,"too big",10.73725,88.5790833333333
"2015-01_Montebello.transect_stereoBRUVs","NCB649","Carangidae","Atule","mate",263.5599,45,255,300,"too big",8.55990000000003,87.8533
"2015-01_Montebello.transect_stereoBRUVs","NCB649","Carangidae","Atule","mate",272.68732,45,255,300,"too big",17.68732,90.8957733333333
"2015-01_Montebello.transect_stereoBRUVs","NCB649","Carangidae","Atule","mate",270.05675,45,255,300,"too big",15.05675,90.0189166666667
"2015-01_Montebello.transect_stereoBRUVs","NCB649","Carangidae","Atule","mate",322.02228,45,255,300,"too big",67.02228,107.34076
"2015-01_Montebello.transect_stereoBRUVs","NCB649","Carangidae","Atule","mate",313.68623,45,255,300,"too big",58.68623,104.562076666667
"2015-01_Montebello.transect_stereoBRUVs","NCB649","Carangidae","Atule","mate",265.91451,45,255,300,"too big",10.91451,88.63817
"2015-01_Montebello.transect_stereoBRUVs","NCB649","Carangidae","Atule","mate",267.17216,45,255,300,"too big",12.17216,89.0573866666667
"2015-01_Montebello.transect_stereoBRUVs","NCB649","Carangidae","Atule","mate",280.76726,45,255,300,"too big",25.76726,93.5890866666667
"2015-01_Montebello.transect_stereoBRUVs","NCB649","Carangidae","Atule","mate",307.6524,45,255,300,"too big",52.6524,102.5508
"2015-01_Montebello.transect_stereoBRUVs","NCB649","Carangidae","Atule","mate",274.14569,45,255,300,"too big",19.14569,91.3818966666667
"2015-01_Montebello.transect_stereoBRUVs","NCB649","Carangidae","Atule","mate",288.7958,45,255,300,"too big",33.7958,96.2652666666667
"2015-01_Montebello.transect_stereoBRUVs","NCB649","Carangidae","Atule","mate",272.67232,45,255,300,"too big",17.67232,90.8907733333333
"2015-01_Montebello.transect_stereoBRUVs","NCB649","Carangidae","Atule","mate",279.56641,45,255,300,"too big",24.56641,93.1888033333333
"2015-01_Montebello.transect_stereoBRUVs","NCB646","Lethrinidae","Lethrinus","ravus",261.08395,45,255,300,"too big",6.08395000000002,87.0279833333333
"2015-01_Montebello.transect_stereoBRUVs","NCB646","Lethrinidae","Lethrinus","ravus",277.39795,45,255,300,"too big",22.39795,92.4659833333333
"2015-01_Montebello.transect_stereoBRUVs","NCB630","Carcharhinidae","Carcharhinus","plumbeus",1643.78926,270,1530,1800,"too big",113.78926,91.3216255555556
"2015-01_Montebello.transect_stereoBRUVs","NCB712","Nemipteridae","Scolopsis","monogramma",324.02765,57,323,380,"too big",1.02764999999999,85.2704342105263
"2015-01_Montebello.transect_stereoBRUVs","NCB712","Lethrinidae","Lethrinus","ravus",285.31282,45,255,300,"too big",30.31282,95.1042733333333
"2015-01_Montebello.transect_stereoBRUVs","NCB712","Carangidae","Gnathanodon","speciosus",100.83548,180,1020,1200,"too small",79.16452,8.40295666666667
"2015-01_Montebello.transect_stereoBRUVs","NCB621","Labridae","Cirrhilabrus","temminckii",107.78397,17.4,98.6,116,"too big",9.18397,92.9172155172414
"2015-01_Montebello.transect_stereoBRUVs","NCB621","Chaetodontidae","Chaetodon","auriga",197.36881,34.5,195.5,230,"too big",1.86881,85.8125260869565
"2015-01_Montebello.transect_stereoBRUVs","NCB621","Chaetodontidae","Heniochus","acuminatus",226.82463,37.5,212.5,250,"too big",14.32463,90.729852
"2015-01_Montebello.transect_stereoBRUVs","NCB621","Chaetodontidae","Heniochus","acuminatus",225.98011,37.5,212.5,250,"too big",13.48011,90.392044
"2015-01_Montebello.transect_stereoBRUVs","NCB621","Tetraodontidae","Feroxodon","multistriatus",475.7416,58.5,331.5,390,"too big",144.2416,121.985025641026
"2015-01_Montebello.transect_stereoBRUVs","NCB621","Scaridae","Scarus","chameleon",282.35071,46.5,263.5,310,"too big",18.85071,91.0808741935484
"2015-01_Montebello.transect_stereoBRUVs","NCB718","Pomacentridae","Amblypomacentrus","breviceps",78.03955,12.75,72.25,85,"too big",5.78955000000001,91.8112352941177
"2015-01_Montebello.transect_stereoBRUVs","NCB676","Lutjanidae","Lutjanus","carponotatus",385.23571,60,340,400,"too big",45.23571,96.3089275
"2015-01_Montebello.transect_stereoBRUVs","NCB676","Lutjanidae","Lutjanus","carponotatus",342.42568,60,340,400,"too big",2.42568,85.60642
"2015-01_Montebello.transect_stereoBRUVs","NCB676","Labridae","Thalassoma","lunare",67.47879,67.5,382.5,450,"too small",0.0212099999999964,14.9952866666667
"2015-01_Montebello.transect_stereoBRUVs","NCB676","Chaetodontidae","Chaetodon","lunula",209.84863,30,170,200,"too big",39.84863,104.924315
"2015-01_Montebello.transect_stereoBRUVs","NCB705","Chaetodontidae","Heniochus","acuminatus",222.738,37.5,212.5,250,"too big",10.238,89.0952
"2015-01_Montebello.transect_stereoBRUVs","NCB705","Lethrinidae","Lethrinus","ravus",271.38348,45,255,300,"too big",16.38348,90.46116
"2015-01_Montebello.transect_stereoBRUVs","NCB705","Lethrinidae","Lethrinus","ravus",290.63856,45,255,300,"too big",35.63856,96.87952
"2015-01_Montebello.transect_stereoBRUVs","NCB705","Chaetodontidae","Chaetodon","auriga",225.39905,34.5,195.5,230,"too big",29.89905,97.9995869565217
"2015-01_Montebello.transect_stereoBRUVs","NCB622","Nemipteridae","Pentapodus","emeryii",342.2491,52.5,297.5,350,"too big",44.7491,97.7854571428571
"2015-01_Montebello.transect_stereoBRUVs","NCB622","Lethrinidae","Lethrinus","ravus",274.66324,45,255,300,"too big",19.66324,91.5544133333333
"2015-01_Montebello.transect_stereoBRUVs","NCB622","Lethrinidae","Lethrinus","ravus",264.71219,45,255,300,"too big",9.71219000000002,88.2373966666667
"2015-01_Montebello.transect_stereoBRUVs","NCB622","Carangidae","Carangoides","orthogrammus",668.27562,112.5,637.5,750,"too big",30.77562,89.103416
"2015-01_Montebello.transect_stereoBRUVs","NCB622","Chaetodontidae","Heniochus","acuminatus",234.61508,37.5,212.5,250,"too big",22.11508,93.846032
"2015-01_Montebello.transect_stereoBRUVs","NCB654","Lethrinidae","Lethrinus","ravus",317.55752,45,255,300,"too big",62.55752,105.852506666667
"2015-01_Montebello.transect_stereoBRUVs","NCB654","Lethrinidae","Lethrinus","ravus",298.26184,45,255,300,"too big",43.26184,99.4206133333333
"2015-01_Montebello.transect_stereoBRUVs","NCB671","Mullidae","Parupeneus","heptacanthus",323.19592,54,306,360,"too big",17.19592,89.7766444444444
"2015-01_Montebello.transect_stereoBRUVs","NCB609","Carangidae","Gnathanodon","speciosus",74.38948,180,1020,1200,"too small",105.61052,6.19912333333333
"2015-01_Montebello.transect_stereoBRUVs","NCB609","Carangidae","Gnathanodon","speciosus",78.94317,180,1020,1200,"too small",101.05683,6.5785975
"2015-01_Montebello.transect_stereoBRUVs","NCB609","Carangidae","Gnathanodon","speciosus",25.99838,180,1020,1200,"too small",154.00162,2.16653166666667
"2015-01_Montebello.transect_stereoBRUVs","NCB609","Carangidae","Gnathanodon","speciosus",80.09358,180,1020,1200,"too small",99.90642,6.674465
"2015-01_Montebello.transect_stereoBRUVs","NCB609","Carangidae","Gnathanodon","speciosus",74.07232,180,1020,1200,"too small",105.92768,6.17269333333333
"2015-01_Montebello.transect_stereoBRUVs","NCB609","Carangidae","Gnathanodon","speciosus",46.75333,180,1020,1200,"too small",133.24667,3.89611083333333
"2015-01_Montebello.transect_stereoBRUVs","NCB609","Carangidae","Gnathanodon","speciosus",75.89549,180,1020,1200,"too small",104.10451,6.32462416666667
"2015-01_Montebello.transect_stereoBRUVs","NCB635","Chaetodontidae","Chaetodon","auriga",209.16609,34.5,195.5,230,"too big",13.66609,90.9417782608696
"2015-01_Montebello.transect_stereoBRUVs","NCB635","Pomacanthidae","Pomacanthus","imperator",383.80867,60,340,400,"too big",43.80867,95.9521675
"2015-01_Montebello.transect_stereoBRUVs","NCB635","Pomacanthidae","Pomacanthus","semicirculatus",364.52136,60,340,400,"too big",24.52136,91.13034
"2015-01_Montebello.transect_stereoBRUVs","NCB610","Carangidae","Decapterus","muroadsi",68.92969,75,425,500,"too small",6.07031000000001,13.785938
"2015-01_Montebello.transect_stereoBRUVs","NCB610","Carangidae","Decapterus","muroadsi",73.40436,75,425,500,"too small",1.59564,14.680872
"2015-01_Montebello.transect_stereoBRUVs","NCB610","Carangidae","Decapterus","muroadsi",60.98311,75,425,500,"too small",14.01689,12.196622
"2015-01_Montebello.transect_stereoBRUVs","NCB610","Carangidae","Decapterus","muroadsi",67.08927,75,425,500,"too small",7.91073,13.417854
"2015-01_Montebello.transect_stereoBRUVs","NCB610","Carangidae","Decapterus","muroadsi",55.33593,75,425,500,"too small",19.66407,11.067186
"2015-01_Montebello.transect_stereoBRUVs","NCB610","Carangidae","Decapterus","muroadsi",68.2443,75,425,500,"too small",6.7557,13.64886
"2015-01_Montebello.transect_stereoBRUVs","NCB610","Carangidae","Decapterus","muroadsi",73.35981,75,425,500,"too small",1.64019,14.671962
"2015-01_Montebello.transect_stereoBRUVs","NCB610","Carangidae","Decapterus","muroadsi",71.88758,75,425,500,"too small",3.11242,14.377516
"2015-01_Montebello.transect_stereoBRUVs","NCB610","Tetraodontidae","Feroxodon","multistriatus",436.43658,58.5,331.5,390,"too big",104.93658,111.906815384615
"2015-01_Montebello.transect_stereoBRUVs","NCB670","Lethrinidae","Lethrinus","ravus",320.04459,45,255,300,"too big",65.04459,106.68153
"2015-01_Montebello.transect_stereoBRUVs","NCB670","Labridae","Choerodon","cauteroma",395.07764,64.5,365.5,430,"too big",29.57764,91.8785209302326
"2015-01_Montebello.transect_stereoBRUVs","NCB688","Mullidae","Parupeneus","heptacanthus",321.77604,54,306,360,"too big",15.77604,89.3822333333333
"2015-01_Montebello.transect_stereoBRUVs","NCB695","Synodontidae","Saurida","undosquamis",479.59125,75,425,500,"too big",54.59125,95.91825
"2015-01_Montebello.transect_stereoBRUVs","NCB650","Balistidae","Sufflamen","fraenatum",373.75937,57,323,380,"too big",50.75937,98.3577289473684
"2015-01_Montebello.transect_stereoBRUVs","NCB650","Scaridae","Scarus","chameleon",295.95587,46.5,263.5,310,"too big",32.45587,95.469635483871
"2015-01_Montebello.transect_stereoBRUVs","NCB650","Pomacanthidae","Chaetodontoplus","duboulayi",256.99051,42,238,280,"too big",18.99051,91.782325
"2015-01_Montebello.transect_stereoBRUVs","NCB650","Monacanthidae","Cantherhines","fronticinctus",258.64922,37.5,212.5,250,"too big",46.14922,103.459688
"2015-01_Montebello.transect_stereoBRUVs","NCB650","Scaridae","Chlorurus","capistratoides",370.97022,60,340,400,"too big",30.97022,92.742555
"2015-01_Montebello.transect_stereoBRUVs","NCB650","Serranidae","Epinephelus","bilobatus",415.70222,60,340,400,"too big",75.70222,103.925555
"2015-01_Montebello.transect_stereoBRUVs","NCB650","Pomacanthidae","Pomacanthus","semicirculatus",370.17819,60,340,400,"too big",30.17819,92.5445475
"2015-01_Montebello.transect_stereoBRUVs","NCB650","Serranidae","Epinephelus","bilobatus",370.11679,60,340,400,"too big",30.11679,92.5291975
"2015-01_Montebello.transect_stereoBRUVs","NCB650","Labridae","Leptojulis","cyanopleura",128.84199,19.5,110.5,130,"too big",18.34199,99.1092230769231
"2015-01_Montebello.transect_stereoBRUVs","NCB650","Lethrinidae","Lethrinus","ravus",271.86205,45,255,300,"too big",16.86205,90.6206833333333
"2015-01_Montebello.transect_stereoBRUVs","NCB650","Lethrinidae","Lethrinus","ravus",291.74706,45,255,300,"too big",36.74706,97.24902
"2015-01_Montebello.transect_stereoBRUVs","NCB650","Lethrinidae","Lethrinus","ravus",291.1701,45,255,300,"too big",36.1701,97.0567
"2015-01_Montebello.transect_stereoBRUVs","NCB650","Lethrinidae","Lethrinus","ravus",307.76893,45,255,300,"too big",52.76893,102.589643333333
"2015-01_Montebello.transect_stereoBRUVs","NCB650","Lethrinidae","Lethrinus","ravus",257.89532,45,255,300,"too big",2.89532000000003,85.9651066666667
"2015-01_Montebello.transect_stereoBRUVs","NCB650","Nemipteridae","Scolopsis","monogramma",329.13605,57,323,380,"too big",6.13605000000001,86.61475
"2015-01_Montebello.transect_stereoBRUVs","NCB624","Carangidae","Gnathanodon","speciosus",71.99299,180,1020,1200,"too small",108.00701,5.99941583333333
"2015-01_Montebello.transect_stereoBRUVs","NCB624","Carangidae","Gnathanodon","speciosus",98.56096,180,1020,1200,"too small",81.43904,8.21341333333333
"2015-01_Montebello.transect_stereoBRUVs","NCB624","Carangidae","Gnathanodon","speciosus",70.57932,180,1020,1200,"too small",109.42068,5.88161
"2015-01_Montebello.transect_stereoBRUVs","NCB624","Carangidae","Gnathanodon","speciosus",138.55581,180,1020,1200,"too small",41.44419,11.5463175
"2015-01_Montebello.transect_stereoBRUVs","NCB624","Pomacanthidae","Pomacanthus","semicirculatus",365.12669,60,340,400,"too big",25.12669,91.2816725
"2015-01_Montebello.transect_stereoBRUVs","NCB666","Mullidae","Parupeneus","heptacanthus",44.80768,54,306,360,"too small",9.19232,12.4465777777778
"2015-01_Montebello.transect_stereoBRUVs","NCB666","Lutjanidae","Lutjanus","lemniscatus",85.31517,97.5,552.5,650,"too small",12.18483,13.1254107692308
"2015-01_Montebello.transect_stereoBRUVs","NCB666","Pomacanthidae","Chaetodontoplus","duboulayi",292.71355,42,238,280,"too big",54.71355,104.540553571429
"2015-01_Montebello.transect_stereoBRUVs","NCB666","Labridae","Choerodon","jordani",177.6611,25.5,144.5,170,"too big",33.1611,104.506529411765
"2015-01_Montebello.transect_stereoBRUVs","NCB612","Tetraodontidae","Feroxodon","multistriatus",438.77887,58.5,331.5,390,"too big",107.27887,112.507402564103
"2015-01_Montebello.transect_stereoBRUVs","NCB607","Labridae","Macropharyngodon","negrosensis",119.98242,18,102,120,"too big",17.98242,99.98535
"2015-01_Montebello.transect_stereoBRUVs","NCB607","Serranidae","Epinephelus","multinotatus",99.05249,150,850,1000,"too small",50.94751,9.905249
"2015-01_Montebello.transect_stereoBRUVs","NCB607","Labridae","Cirrhilabrus","temminckii",109.12373,17.4,98.6,116,"too big",10.52373,94.0721810344828
"2015-01_Montebello.transect_stereoBRUVs","NCB607","Pomacentridae","Chromis","fumea",92.47257,15,85,100,"too big",7.47257,92.47257
"2015-01_Montebello.transect_stereoBRUVs","NCB607","Pomacentridae","Chromis","fumea",86.73636,15,85,100,"too big",1.73636,86.73636
"2015-01_Montebello.transect_stereoBRUVs","NCB644","Labridae","Leptojulis","cyanopleura",129.68151,19.5,110.5,130,"too big",19.18151,99.7550076923077
"2015-01_Montebello.transect_stereoBRUVs","NCB644","Lethrinidae","Lethrinus","ravus",290.62842,45,255,300,"too big",35.62842,96.87614
"2015-01_Montebello.transect_stereoBRUVs","NCB644","Lethrinidae","Lethrinus","ravus",268.06025,45,255,300,"too big",13.06025,89.3534166666667
"2015-01_Montebello.transect_stereoBRUVs","NCB644","Lethrinidae","Lethrinus","ravus",291.81093,45,255,300,"too big",36.81093,97.27031
"2015-01_Montebello.transect_stereoBRUVs","NCB644","Lethrinidae","Lethrinus","ravus",270.76589,45,255,300,"too big",15.76589,90.2552966666667
"2015-01_Montebello.transect_stereoBRUVs","NCB644","Lethrinidae","Lethrinus","ravus",299.35711,45,255,300,"too big",44.35711,99.7857033333333
"2015-01_Montebello.transect_stereoBRUVs","NCB644","Lethrinidae","Lethrinus","ravus",305.25844,45,255,300,"too big",50.25844,101.752813333333
"2015-01_Montebello.transect_stereoBRUVs","NCB644","Lethrinidae","Lethrinus","ravus",292.47786,45,255,300,"too big",37.47786,97.49262
"2015-01_Montebello.transect_stereoBRUVs","NCB677","Labridae","Leptojulis","cyanopleura",125.33416,19.5,110.5,130,"too big",14.83416,96.4108923076923
"2015-01_Montebello.transect_stereoBRUVs","NCB677","Labridae","Macropharyngodon","negrosensis",116.16807,18,102,120,"too big",14.16807,96.806725
"2015-01_Montebello.transect_stereoBRUVs","NCB677","Lutjanidae","Lutjanus","lemniscatus",79.06584,97.5,552.5,650,"too small",18.43416,12.1639753846154
"2015-01_Montebello.transect_stereoBRUVs","NCB699","Tetraodontidae","Lagocephalus","lunaris",636.55867,67.5,382.5,450,"too big",254.05867,141.457482222222
"2015-01_Montebello.transect_stereoBRUVs","NCB711","Chaetodontidae","Chaetodon","lunula",177.64853,30,170,200,"too big",7.64852999999999,88.824265
"2015-01_Montebello.transect_stereoBRUVs","NCB711","Monacanthidae","Cantherhines","pardalis",222.8484,37.5,212.5,250,"too big",10.3484,89.13936
"2015-01_Montebello.transect_stereoBRUVs","NCB711","Labridae","Cirrhilabrus","temminckii",99.74451,17.4,98.6,116,"too big",1.14451000000001,85.9866465517241
"2015-01_Montebello.transect_stereoBRUVs","NCB711","Labridae","Hemigymnus","fasciatus",290.57215,45,255,300,"too big",35.57215,96.8573833333333
"2015-01_Montebello.transect_stereoBRUVs","NCB711","Acanthuridae","Acanthurus","olivaceus",320.32609,52.5,297.5,350,"too big",22.82609,91.52174
"2015-01_Montebello.transect_stereoBRUVs","NCB613","Serranidae","Epinephelus","multinotatus",108.69511,150,850,1000,"too small",41.30489,10.869511
"2015-01_Montebello.transect_stereoBRUVs","NCB613","Serranidae","Epinephelus","multinotatus",100.21804,150,850,1000,"too small",49.78196,10.021804
"2015-01_Montebello.transect_stereoBRUVs","NCB613","Serranidae","Epinephelus","multinotatus",123.55907,150,850,1000,"too small",26.44093,12.355907
"2015-01_Montebello.transect_stereoBRUVs","NCB613","Tetraodontidae","Feroxodon","multistriatus",435.9939,58.5,331.5,390,"too big",104.4939,111.793307692308
"2015-01_Montebello.transect_stereoBRUVs","NCB613","Labridae","Leptojulis","cyanopleura",120.65322,19.5,110.5,130,"too big",10.15322,92.8101692307692
"2015-01_Montebello.transect_stereoBRUVs","NCB634","Acanthuridae","Acanthurus","mata",466.25517,75,425,500,"too big",41.25517,93.251034
"2015-01_Montebello.transect_stereoBRUVs","NCB634","Acanthuridae","Acanthurus","mata",468.36361,75,425,500,"too big",43.36361,93.672722
"2015-01_Montebello.transect_stereoBRUVs","NCB634","Labridae","Thalassoma","amblycephalum",142.73166,24,136,160,"too big",6.73166000000001,89.2072875
"2015-01_Montebello.transect_stereoBRUVs","NCB639","Echeneidae","Echeneis","naucrates",101.35753,165,935,1100,"too small",63.64247,9.21432090909091
"2015-01_Montebello.transect_stereoBRUVs","NCB639","Lethrinidae","Lethrinus","ravus",279.27562,45,255,300,"too big",24.27562,93.0918733333333
"2015-01_Montebello.transect_stereoBRUVs","NCB689","Nemipteridae","Pentapodus","porosus",237.58707,40.5,229.5,270,"too big",8.08707000000001,87.9952111111111
"2015-01_Montebello.transect_stereoBRUVs","NCB689","Labridae","Coris","dorsomacula",52.94461,57,323,380,"too small",4.05539,13.9327921052632
"2015-01_Montebello.transect_stereoBRUVs","NCB642","Tetraodontidae","Canthigaster","axiologus",136.59322,15.15,85.85,101,"too big",50.74322,135.240811881188
"2015-01_Montebello.transect_stereoBRUVs","NCB642","Pomacanthidae","Chaetodontoplus","duboulayi",248.83114,42,238,280,"too big",10.83114,88.8682642857143
"2015-01_Montebello.transect_stereoBRUVs","NCB642","Labridae","Pseudojuloides","severnsi",99.57422,13.725,77.775,91.5,"too big",21.79922,108.824284153005
"2015-01_Montebello.transect_stereoBRUVs","NCB642","Lethrinidae","Lethrinus","ravus",263.70563,45,255,300,"too big",8.70562999999999,87.9018766666667
"2015-01_Montebello.transect_stereoBRUVs","NCB642","Lethrinidae","Lethrinus","ravus",262.01811,45,255,300,"too big",7.01810999999998,87.33937
"2015-01_Montebello.transect_stereoBRUVs","NCB642","Lethrinidae","Lethrinus","ravus",286.90012,45,255,300,"too big",31.90012,95.6333733333333
"2015-01_Montebello.transect_stereoBRUVs","NCB642","Tetraodontidae","Feroxodon","multistriatus",465.12602,58.5,331.5,390,"too big",133.62602,119.263082051282
"2015-01_Montebello.transect_stereoBRUVs","NCB642","Carangidae","Atule","mate",281.15689,45,255,300,"too big",26.15689,93.7189633333333
"2015-01_Montebello.transect_stereoBRUVs","NCB642","Carangidae","Atule","mate",280.30785,45,255,300,"too big",25.30785,93.43595
"2015-01_Montebello.transect_stereoBRUVs","NCB642","Carangidae","Atule","mate",294.06455,45,255,300,"too big",39.06455,98.0215166666667
"2015-01_Montebello.transect_stereoBRUVs","NCB642","Carangidae","Atule","mate",260.39238,45,255,300,"too big",5.39238,86.79746
"2015-01_Montebello.transect_stereoBRUVs","NCB642","Serranidae","Epinephelus","bilobatus",362.69765,60,340,400,"too big",22.69765,90.6744125
"2015-01_Montebello.transect_stereoBRUVs","NCB619","Haemulidae","Diagramma","pictum labiosum",84.69287,135,765,900,"too small",50.30713,9.41031888888889
"2015-01_Montebello.transect_stereoBRUVs","NCB619","Labridae","Coris","pictoides",133.73958,22.5,127.5,150,"too big",6.23957999999999,89.15972
"2015-01_Montebello.transect_stereoBRUVs","NCB619","Labridae","Coris","pictoides",167.06841,22.5,127.5,150,"too big",39.56841,111.37894
"2015-01_Montebello.transect_stereoBRUVs","NCB619","Labridae","Coris","caudimacula",181.66909,30,170,200,"too big",11.66909,90.834545
"2015-01_Montebello.transect_stereoBRUVs","NCB619","Labridae","Leptojulis","cyanopleura",134.90639,19.5,110.5,130,"too big",24.40639,103.774146153846
"2015-01_Montebello.transect_stereoBRUVs","NCB655","Pomacanthidae","Pomacanthus","semicirculatus",341.62819,60,340,400,"too big",1.62819000000002,85.4070475
"2015-01_Montebello.transect_stereoBRUVs","NCB655","Lethrinidae","Lethrinus","ravus",270.88085,45,255,300,"too big",15.88085,90.2936166666667
"2015-01_Montebello.transect_stereoBRUVs","NCB655","Lethrinidae","Lethrinus","ravus",275.92933,45,255,300,"too big",20.92933,91.9764433333333
"2015-01_Montebello.transect_stereoBRUVs","NCB655","Lethrinidae","Lethrinus","ravus",287.71904,45,255,300,"too big",32.71904,95.9063466666667
"2015-01_Montebello.transect_stereoBRUVs","NCB655","Lethrinidae","Lethrinus","ravus",282.47209,45,255,300,"too big",27.47209,94.1573633333333
"2015-01_Montebello.transect_stereoBRUVs","NCB655","Lethrinidae","Lethrinus","ravus",278.70956,45,255,300,"too big",23.70956,92.9031866666667
"2015-01_Montebello.transect_stereoBRUVs","NCB655","Serranidae","Epinephelus","bilobatus",359.7853,60,340,400,"too big",19.7853,89.946325
"2015-01_Montebello.transect_stereoBRUVs","NCB655","Serranidae","Epinephelus","bilobatus",344.36709,60,340,400,"too big",4.36709000000002,86.0917725
"2015-01_Montebello.transect_stereoBRUVs","NCB655","Carcharhinidae","Carcharhinus","plumbeus",1661.90632,270,1530,1800,"too big",131.90632,92.3281288888889
"2015-01_Montebello.transect_stereoBRUVs","NCB655","Lethrinidae","Lethrinus","microdon",682.28991,120,680,800,"too big",2.28990999999996,85.28623875
"2015-01_Montebello.transect_stereoBRUVs","NCB686","Echeneidae","Echeneis","naucrates",115.24289,165,935,1100,"too small",49.75711,10.4766263636364
"2015-01_Montebello.transect_stereoBRUVs","NCB686","Lethrinidae","Lethrinus","ravus",296.13568,45,255,300,"too big",41.13568,98.7118933333333
"2015-01_Montebello.transect_stereoBRUVs","NCB715","Pomacanthidae","Pomacanthus","semicirculatus",351.28816,60,340,400,"too big",11.28816,87.82204
"2015-01_Montebello.transect_stereoBRUVs","NCB614","Labridae","Coris","caudimacula",193.18794,30,170,200,"too big",23.18794,96.59397
"2015-01_Montebello.transect_stereoBRUVs","NCB614","Labridae","Coris","caudimacula",170.80657,30,170,200,"too big",0.806569999999994,85.403285
"2015-01_Montebello.transect_stereoBRUVs","NCB614","Labridae","Leptojulis","cyanopleura",113.65775,19.5,110.5,130,"too big",3.15774999999999,87.4290384615385
"2015-01_Montebello.transect_stereoBRUVs","NCB614","Serranidae","Epinephelus","multinotatus",88.18955,150,850,1000,"too small",61.81045,8.818955
"2015-01_Montebello.transect_stereoBRUVs","NCB614","Serranidae","Epinephelus","multinotatus",118.38183,150,850,1000,"too small",31.61817,11.838183
"2015-01_Montebello.transect_stereoBRUVs","NCB614","Tetraodontidae","Feroxodon","multistriatus",493.56407,58.5,331.5,390,"too big",162.06407,126.55488974359
"2015-01_Montebello.transect_stereoBRUVs","NCB685","Labridae","Choerodon","cauteroma",367.96926,64.5,365.5,430,"too big",2.46926000000002,85.5742465116279
"2015-01_Montebello.transect_stereoBRUVs","NCB685","Pomacanthidae","Pomacanthus","semicirculatus",404.64974,60,340,400,"too big",64.64974,101.162435
"2015-01_Montebello.transect_stereoBRUVs","NCB684","Lethrinidae","Lethrinus","ravus",345.7322,45,255,300,"too big",90.7322,115.244066666667
"2015-01_Montebello.transect_stereoBRUVs","NCB684","Labridae","Choerodon","cauteroma",401.49644,64.5,365.5,430,"too big",35.99644,93.3712651162791
"2015-01_Montebello.transect_stereoBRUVs","NCB723","Labridae","Choerodon","cauteroma",394.63992,64.5,365.5,430,"too big",29.13992,91.7767255813954
"2015-01_Montebello.transect_stereoBRUVs","NCB723","Lethrinidae","Lethrinus","ravus",275.54161,45,255,300,"too big",20.54161,91.8472033333333
"2015-01_Montebello.transect_stereoBRUVs","NCB723","Lethrinidae","Lethrinus","ravus",286.07441,45,255,300,"too big",31.07441,95.3581366666667
"2015-01_Montebello.transect_stereoBRUVs","NCB723","Lethrinidae","Lethrinus","ravus",267.97053,45,255,300,"too big",12.97053,89.32351
"2015-01_Montebello.transect_stereoBRUVs","NCB723","Lethrinidae","Lethrinus","ravus",342.3593,45,255,300,"too big",87.3593,114.119766666667
"2015-01_Montebello.transect_stereoBRUVs","NCB723","Lethrinidae","Lethrinus","ravus",269.69737,45,255,300,"too big",14.69737,89.8991233333333
"2015-01_Montebello.transect_stereoBRUVs","NCB636","Trichonotidae","Trichonotus","setiger",219.60481,33,187,220,"too big",32.60481,99.8203681818182
"2015-01_Montebello.transect_stereoBRUVs","NCB636","Trichonotidae","Trichonotus","setiger",242.14028,33,187,220,"too big",55.14028,110.063763636364
"2015-01_Montebello.transect_stereoBRUVs","NCB636","Trichonotidae","Trichonotus","setiger",202.55906,33,187,220,"too big",15.55906,92.0723
"2015-01_Montebello.transect_stereoBRUVs","NCB672","Labridae","Leptojulis","cyanopleura",121.51097,19.5,110.5,130,"too big",11.01097,93.4699769230769
"2015-01_Montebello.transect_stereoBRUVs","NCB672","Tetraodontidae","Feroxodon","multistriatus",484.99032,58.5,331.5,390,"too big",153.49032,124.356492307692
"2015-01_Montebello.transect_stereoBRUVs","NCB672","Lethrinidae","Lethrinus","ravus",310.84235,45,255,300,"too big",55.84235,103.614116666667
"2015-01_Montebello.transect_stereoBRUVs","NCB672","Labridae","Bodianus","perditio",80.39305,120,680,800,"too small",39.60695,10.04913125
"2015-01_Montebello.transect_stereoBRUVs","NCB656","Pomacanthidae","Pomacanthus","semicirculatus",367.20708,60,340,400,"too big",27.20708,91.80177
"2015-01_Montebello.transect_stereoBRUVs","NCB656","Scaridae","Scarus","oviceps",410.04594,52.5,297.5,350,"too big",112.54594,117.155982857143
"2015-01_Montebello.transect_stereoBRUVs","NCB656","Labridae","Pseudojuloides","severnsi",99.38933,13.725,77.775,91.5,"too big",21.61433,108.622218579235
"2015-01_Montebello.transect_stereoBRUVs","NCB656","Labridae","Pseudojuloides","severnsi",93.41308,13.725,77.775,91.5,"too big",15.63808,102.090797814208
"2015-01_Montebello.transect_stereoBRUVs","NCB656","Tetraodontidae","Feroxodon","multistriatus",576.75848,58.5,331.5,390,"too big",245.25848,147.88678974359
"2015-01_Montebello.transect_stereoBRUVs","NCB656","Lethrinidae","Lethrinus","ravus",279.02619,45,255,300,"too big",24.02619,93.00873
"2015-01_Montebello.transect_stereoBRUVs","NCB656","Lethrinidae","Lethrinus","ravus",267.47246,45,255,300,"too big",12.47246,89.1574866666667
"2015-01_Montebello.transect_stereoBRUVs","NCB656","Lethrinidae","Lethrinus","ravus",282.73234,45,255,300,"too big",27.73234,94.2441133333333
"2015-01_Montebello.transect_stereoBRUVs","NCB656","Lethrinidae","Lethrinus","ravus",285.45164,45,255,300,"too big",30.45164,95.1505466666667
"2015-01_Montebello.transect_stereoBRUVs","NCB725","Lethrinidae","Lethrinus","ravus",272.91002,45,255,300,"too big",17.91002,90.9700066666667
"2015-01_Montebello.transect_stereoBRUVs","NCB725","Lethrinidae","Lethrinus","ravus",282.90495,45,255,300,"too big",27.90495,94.30165
"2015-01_Montebello.transect_stereoBRUVs","NCB725","Lethrinidae","Lethrinus","ravus",298.98306,45,255,300,"too big",43.98306,99.66102
"2015-01_Montebello.transect_stereoBRUVs","NCB725","Lethrinidae","Lethrinus","ravus",272.99489,45,255,300,"too big",17.99489,90.9982966666667
"2015-01_Montebello.transect_stereoBRUVs","NCB725","Lethrinidae","Lethrinus","ravus",263.68884,45,255,300,"too big",8.68884000000003,87.89628
"2015-01_Montebello.transect_stereoBRUVs","NCB725","Lethrinidae","Lethrinus","ravus",275.53005,45,255,300,"too big",20.53005,91.84335
"2015-01_Montebello.transect_stereoBRUVs","NCB725","Lethrinidae","Lethrinus","ravus",297.44886,45,255,300,"too big",42.44886,99.14962
"2015-01_Montebello.transect_stereoBRUVs","NCB725","Lethrinidae","Lethrinus","ravus",270.14688,45,255,300,"too big",15.14688,90.04896
"2015-01_Montebello.transect_stereoBRUVs","NCB725","Lethrinidae","Lethrinus","ravus",256.31707,45,255,300,"too big",1.31707,85.4390233333333
"2015-01_Montebello.transect_stereoBRUVs","NCB725","Nemipteridae","Scolopsis","monogramma",328.07988,57,323,380,"too big",5.07988,86.3368105263158
"2015-01_Montebello.transect_stereoBRUVs","NCB725","Labridae","Choerodon","cauteroma",378.28301,64.5,365.5,430,"too big",12.78301,87.9727930232558
"2015-01_Montebello.transect_stereoBRUVs","NCB629","Pomacentridae","Pomacentrus","coelestis",83.64967,13.5,76.5,90,"too big",7.14967,92.9440777777778
"2015-01_Montebello.transect_stereoBRUVs","NCB629","Scaridae","Scarus","chameleon",293.11158,46.5,263.5,310,"too big",29.61158,94.5521225806452
"2015-01_Montebello.transect_stereoBRUVs","NCB629","Acanthuridae","Acanthurus","olivaceus",302.94007,52.5,297.5,350,"too big",5.44006999999999,86.5543057142857
"2015-01_Montebello.transect_stereoBRUVs","NCB629","Chaetodontidae","Heniochus","acuminatus",212.63324,37.5,212.5,250,"too big",0.133240000000001,85.053296
"2015-01_Montebello.transect_stereoBRUVs","NCB629","Chaetodontidae","Heniochus","acuminatus",215.68485,37.5,212.5,250,"too big",3.18485000000001,86.27394
"2015-01_Montebello.transect_stereoBRUVs","NCB629","Pomacanthidae","Pomacanthus","semicirculatus",353.33991,60,340,400,"too big",13.33991,88.3349775
"2015-01_Montebello.transect_stereoBRUVs","NCB629","Lutjanidae","Lutjanus","carponotatus",374.90454,60,340,400,"too big",34.90454,93.726135
"2015-01_Montebello.transect_stereoBRUVs","NCB629","Chaetodontidae","Chaetodon","auriga",208.25996,34.5,195.5,230,"too big",12.75996,90.5478086956522
"2015-01_Montebello.transect_stereoBRUVs","NCB629","Chaetodontidae","Chaetodon","auriga",198.39424,34.5,195.5,230,"too big",2.89424,86.2583652173913
"2015-01_Montebello.transect_stereoBRUVs","NCB629","Carangidae","Atule","mate",297.02623,45,255,300,"too big",42.02623,99.0087433333333
"2015-01_Montebello.transect_stereoBRUVs","NCB629","Carangidae","Atule","mate",322.21554,45,255,300,"too big",67.21554,107.40518
"2015-01_Montebello.transect_stereoBRUVs","NCB626","Echeneidae","Echeneis","naucrates",80.26504,165,935,1100,"too small",84.73496,7.29682181818182
"2015-01_Montebello.transect_stereoBRUVs","NCB606","Labridae","Stethojulis","interrupta",111.83206,19.5,110.5,130,"too big",1.33206,86.0246615384615
"2015-01_Montebello.transect_stereoBRUVs","NCB606","Labridae","Stethojulis","interrupta",121.92553,19.5,110.5,130,"too big",11.42553,93.7888692307692
"2015-01_Montebello.transect_stereoBRUVs","NCB606","Labridae","Leptojulis","cyanopleura",117.30863,19.5,110.5,130,"too big",6.80862999999999,90.2374076923077
"2015-01_Montebello.transect_stereoBRUVs","NCB606","Labridae","Leptojulis","cyanopleura",113.0848,19.5,110.5,130,"too big",2.5848,86.9883076923077
"2015-01_Montebello.transect_stereoBRUVs","NCB667","Serranidae","Epinephelus","multinotatus",1246.14016,150,850,1000,"too big",396.14016,124.614016
"2015-01_Montebello.transect_stereoBRUVs","NCB645","Lethrinidae","Lethrinus","ravus",283.57321,45,255,300,"too big",28.57321,94.5244033333333
"2015-01_Montebello.transect_stereoBRUVs","NCB645","Labridae","Choerodon","cauteroma",413.12423,64.5,365.5,430,"too big",47.62423,96.0754023255814
"2015-01_Montebello.transect_stereoBRUVs","NCB698","Tetraodontidae","Lagocephalus","lunaris",521.83074,67.5,382.5,450,"too big",139.33074,115.962386666667
"2015-01_Montebello.transect_stereoBRUVs","NCB698","Tetraodontidae","Feroxodon","multistriatus",494.6739,58.5,331.5,390,"too big",163.1739,126.839461538462
"2015-01_Montebello.transect_stereoBRUVs","NCB698","Tetraodontidae","Feroxodon","multistriatus",468.42742,58.5,331.5,390,"too big",136.92742,120.109594871795
"2015-01_Montebello.transect_stereoBRUVs","NCB651","Labridae","Leptojulis","cyanopleura",118.62067,19.5,110.5,130,"too big",8.12067,91.2466692307692
"2015-01_Montebello.transect_stereoBRUVs","NCB651","Monacanthidae","Cantherhines","fronticinctus",282.68066,37.5,212.5,250,"too big",70.18066,113.072264
"2015-01_Montebello.transect_stereoBRUVs","NCB651","Labridae","Choerodon","cauteroma",383.75641,64.5,365.5,430,"too big",18.25641,89.2456767441861
"2015-01_Montebello.transect_stereoBRUVs","NCB651","Carangidae","Atule","mate",294.30158,45,255,300,"too big",39.30158,98.1005266666667
"2015-01_Montebello.transect_stereoBRUVs","NCB651","Carangidae","Atule","mate",287.96625,45,255,300,"too big",32.96625,95.98875
"2015-01_Montebello.transect_stereoBRUVs","NCB651","Carangidae","Atule","mate",275.09026,45,255,300,"too big",20.09026,91.6967533333333
"2015-01_Montebello.transect_stereoBRUVs","NCB651","Carangidae","Atule","mate",274.11118,45,255,300,"too big",19.11118,91.3703933333333
"2015-01_Montebello.transect_stereoBRUVs","NCB651","Carangidae","Atule","mate",283.44008,45,255,300,"too big",28.44008,94.4800266666667
"2015-01_Montebello.transect_stereoBRUVs","NCB651","Carangidae","Atule","mate",275.0474,45,255,300,"too big",20.0474,91.6824666666667
"2015-01_Montebello.transect_stereoBRUVs","NCB651","Carangidae","Atule","mate",278.64564,45,255,300,"too big",23.64564,92.88188
"2015-01_Montebello.transect_stereoBRUVs","NCB651","Carangidae","Atule","mate",296.56802,45,255,300,"too big",41.56802,98.8560066666667
"2015-01_Montebello.transect_stereoBRUVs","NCB651","Nemipteridae","Scolopsis","monogramma",336.65224,57,323,380,"too big",13.65224,88.5926947368421
"2015-01_Montebello.transect_stereoBRUVs","NCB617","Labridae","Leptojulis","cyanopleura",143.02624,19.5,110.5,130,"too big",32.52624,110.020184615385
"2015-01_Montebello.transect_stereoBRUVs","NCB617","Labridae","Leptojulis","cyanopleura",114.65472,19.5,110.5,130,"too big",4.15472,88.1959384615385
"2015-01_Montebello.transect_stereoBRUVs","NCB617","Echeneidae","Echeneis","naucrates",103.6038,165,935,1100,"too small",61.3962,9.41852727272727
"2015-01_Montebello.transect_stereoBRUVs","NCB658","Echeneidae","Echeneis","naucrates",107.88241,165,935,1100,"too small",57.11759,9.80749181818182
"2015-01_Montebello.transect_stereoBRUVs","NCB658","Lethrinidae","Lethrinus","ravus",259.6839,45,255,300,"too big",4.68389999999999,86.5613
"2015-01_Montebello.transect_stereoBRUVs","NCB652","Labridae","Leptojulis","cyanopleura",138.7864,19.5,110.5,130,"too big",28.2864,106.758769230769
"2015-01_Montebello.transect_stereoBRUVs","NCB652","Pomacanthidae","Chaetodontoplus","duboulayi",302.17915,42,238,280,"too big",64.17915,107.921125
"2015-01_Montebello.transect_stereoBRUVs","NCB652","Carangidae","Gnathanodon","speciosus",90.36171,180,1020,1200,"too small",89.63829,7.5301425
"2015-01_Montebello.transect_stereoBRUVs","NCB652","Carangidae","Gnathanodon","speciosus",106.16724,180,1020,1200,"too small",73.83276,8.84727
"2015-01_Montebello.transect_stereoBRUVs","NCB652","Carangidae","Gnathanodon","speciosus",92.98438,180,1020,1200,"too small",87.01562,7.74869833333333
"2015-01_Montebello.transect_stereoBRUVs","NCB652","Carangidae","Gnathanodon","speciosus",92.92558,180,1020,1200,"too small",87.07442,7.74379833333333
"2015-01_Montebello.transect_stereoBRUVs","NCB652","Carangidae","Gnathanodon","speciosus",85.15852,180,1020,1200,"too small",94.84148,7.09654333333333
"2015-01_Montebello.transect_stereoBRUVs","NCB652","Carangidae","Gnathanodon","speciosus",103.05039,180,1020,1200,"too small",76.94961,8.5875325
"2015-01_Montebello.transect_stereoBRUVs","NCB652","Carangidae","Gnathanodon","speciosus",64.68869,180,1020,1200,"too small",115.31131,5.39072416666667
"2015-01_Montebello.transect_stereoBRUVs","NCB652","Carangidae","Gnathanodon","speciosus",80.07764,180,1020,1200,"too small",99.92236,6.67313666666667
"2015-01_Montebello.transect_stereoBRUVs","NCB652","Carangidae","Gnathanodon","speciosus",64.52459,180,1020,1200,"too small",115.47541,5.37704916666667
"2015-01_Montebello.transect_stereoBRUVs","NCB652","Carangidae","Gnathanodon","speciosus",89.42268,180,1020,1200,"too small",90.57732,7.45189
"2015-01_Montebello.transect_stereoBRUVs","NCB652","Carangidae","Gnathanodon","speciosus",82.56731,180,1020,1200,"too small",97.43269,6.88060916666667
"2015-01_Montebello.transect_stereoBRUVs","NCB652","Carangidae","Gnathanodon","speciosus",64.28589,180,1020,1200,"too small",115.71411,5.3571575
"2015-01_Montebello.transect_stereoBRUVs","NCB652","Carangidae","Gnathanodon","speciosus",81.73018,180,1020,1200,"too small",98.26982,6.81084833333333
"2015-01_Montebello.transect_stereoBRUVs","NCB652","Carangidae","Gnathanodon","speciosus",64.60016,180,1020,1200,"too small",115.39984,5.38334666666667
"2015-01_Montebello.transect_stereoBRUVs","NCB652","Carangidae","Gnathanodon","speciosus",87.05511,180,1020,1200,"too small",92.94489,7.2545925
"2015-01_Montebello.transect_stereoBRUVs","NCB652","Carangidae","Gnathanodon","speciosus",61.08328,180,1020,1200,"too small",118.91672,5.09027333333333
"2015-01_Montebello.transect_stereoBRUVs","NCB652","Carangidae","Gnathanodon","speciosus",112.48339,180,1020,1200,"too small",67.51661,9.37361583333333
"2015-01_Montebello.transect_stereoBRUVs","NCB652","Carangidae","Gnathanodon","speciosus",114.29625,180,1020,1200,"too small",65.70375,9.5246875
"2015-01_Montebello.transect_stereoBRUVs","NCB652","Carangidae","Gnathanodon","speciosus",77.95117,180,1020,1200,"too small",102.04883,6.49593083333333
"2015-01_Montebello.transect_stereoBRUVs","NCB652","Carangidae","Gnathanodon","speciosus",81.58695,180,1020,1200,"too small",98.41305,6.7989125
"2015-01_Montebello.transect_stereoBRUVs","NCB652","Carangidae","Gnathanodon","speciosus",80.79733,180,1020,1200,"too small",99.20267,6.73311083333333
"2015-01_Montebello.transect_stereoBRUVs","NCB652","Carangidae","Gnathanodon","speciosus",76.27908,180,1020,1200,"too small",103.72092,6.35659
"2015-01_Montebello.transect_stereoBRUVs","NCB652","Carangidae","Gnathanodon","speciosus",79.44473,180,1020,1200,"too small",100.55527,6.62039416666667
"2015-01_Montebello.transect_stereoBRUVs","NCB652","Carangidae","Gnathanodon","speciosus",68.99637,180,1020,1200,"too small",111.00363,5.7496975
"2015-01_Montebello.transect_stereoBRUVs","NCB652","Carangidae","Gnathanodon","speciosus",63.57064,180,1020,1200,"too small",116.42936,5.29755333333333
"2015-01_Montebello.transect_stereoBRUVs","NCB652","Carangidae","Gnathanodon","speciosus",101.96589,180,1020,1200,"too small",78.03411,8.4971575
"2015-01_Montebello.transect_stereoBRUVs","NCB652","Carangidae","Gnathanodon","speciosus",107.94551,180,1020,1200,"too small",72.05449,8.99545916666667
"2015-01_Montebello.transect_stereoBRUVs","NCB652","Carangidae","Gnathanodon","speciosus",77.50674,180,1020,1200,"too small",102.49326,6.458895
"2015-01_Montebello.transect_stereoBRUVs","NCB652","Carangidae","Gnathanodon","speciosus",91.48658,180,1020,1200,"too small",88.51342,7.62388166666667
"2015-01_Montebello.transect_stereoBRUVs","NCB652","Carangidae","Gnathanodon","speciosus",90.24877,180,1020,1200,"too small",89.75123,7.52073083333333
"2015-01_Montebello.transect_stereoBRUVs","NCB652","Carangidae","Gnathanodon","speciosus",81.16513,180,1020,1200,"too small",98.83487,6.76376083333333
"2015-01_Montebello.transect_stereoBRUVs","NCB652","Carangidae","Gnathanodon","speciosus",79.15412,180,1020,1200,"too small",100.84588,6.59617666666667
"2015-01_Montebello.transect_stereoBRUVs","NCB652","Carangidae","Gnathanodon","speciosus",39.80288,180,1020,1200,"too small",140.19712,3.31690666666667
"2015-01_Montebello.transect_stereoBRUVs","NCB652","Carangidae","Gnathanodon","speciosus",84.10678,180,1020,1200,"too small",95.89322,7.00889833333333
"2015-01_Montebello.transect_stereoBRUVs","NCB652","Carangidae","Gnathanodon","speciosus",100.7058,180,1020,1200,"too small",79.2942,8.39215
"2015-01_Montebello.transect_stereoBRUVs","NCB652","Carangidae","Gnathanodon","speciosus",89.15781,180,1020,1200,"too small",90.84219,7.4298175
"2015-01_Montebello.transect_stereoBRUVs","NCB652","Carangidae","Gnathanodon","speciosus",68.72987,180,1020,1200,"too small",111.27013,5.72748916666667
"2015-01_Montebello.transect_stereoBRUVs","NCB652","Carangidae","Gnathanodon","speciosus",73.38639,180,1020,1200,"too small",106.61361,6.1155325
"2015-01_Montebello.transect_stereoBRUVs","NCB652","Carangidae","Gnathanodon","speciosus",87.12111,180,1020,1200,"too small",92.87889,7.2600925
"2015-01_Montebello.transect_stereoBRUVs","NCB652","Carangidae","Gnathanodon","speciosus",74.31712,180,1020,1200,"too small",105.68288,6.19309333333333
"2015-01_Montebello.transect_stereoBRUVs","NCB652","Carangidae","Gnathanodon","speciosus",78.51013,180,1020,1200,"too small",101.48987,6.54251083333333
"2015-01_Montebello.transect_stereoBRUVs","NCB652","Carangidae","Gnathanodon","speciosus",61.07018,180,1020,1200,"too small",118.92982,5.08918166666667
"2015-01_Montebello.transect_stereoBRUVs","NCB652","Carangidae","Gnathanodon","speciosus",72.93203,180,1020,1200,"too small",107.06797,6.07766916666667
"2015-01_Montebello.transect_stereoBRUVs","NCB652","Carangidae","Gnathanodon","speciosus",82.36717,180,1020,1200,"too small",97.63283,6.86393083333333
"2015-01_Montebello.transect_stereoBRUVs","NCB652","Carangidae","Gnathanodon","speciosus",101.05569,180,1020,1200,"too small",78.94431,8.4213075
"2015-01_Montebello.transect_stereoBRUVs","NCB652","Carangidae","Gnathanodon","speciosus",67.76296,180,1020,1200,"too small",112.23704,5.64691333333333
"2015-01_Montebello.transect_stereoBRUVs","NCB652","Carangidae","Gnathanodon","speciosus",63.24996,180,1020,1200,"too small",116.75004,5.27083
"2015-01_Montebello.transect_stereoBRUVs","NCB652","Carangidae","Gnathanodon","speciosus",89.94053,180,1020,1200,"too small",90.05947,7.49504416666667
"2015-01_Montebello.transect_stereoBRUVs","NCB652","Carangidae","Gnathanodon","speciosus",107.8165,180,1020,1200,"too small",72.1835,8.98470833333333
"2015-01_Montebello.transect_stereoBRUVs","NCB652","Carangidae","Atule","mate",292.28743,45,255,300,"too big",37.28743,97.4291433333333
"2015-01_Montebello.transect_stereoBRUVs","NCB652","Carangidae","Atule","mate",273.6793,45,255,300,"too big",18.6793,91.2264333333333
"2015-01_Montebello.transect_stereoBRUVs","NCB652","Carangidae","Atule","mate",311.86749,45,255,300,"too big",56.86749,103.95583
"2015-01_Montebello.transect_stereoBRUVs","NCB652","Carangidae","Atule","mate",295.0521,45,255,300,"too big",40.0521,98.3507
"2015-01_Montebello.transect_stereoBRUVs","NCB652","Carangidae","Atule","mate",295.46024,45,255,300,"too big",40.46024,98.4867466666667
"2015-01_Montebello.transect_stereoBRUVs","NCB652","Lethrinidae","Lethrinus","ravus",282.19488,45,255,300,"too big",27.19488,94.06496
"2015-01_Montebello.transect_stereoBRUVs","NCB652","Lethrinidae","Lethrinus","ravus",272.30291,45,255,300,"too big",17.30291,90.7676366666667
"2015-01_Montebello.transect_stereoBRUVs","NCB652","Lethrinidae","Lethrinus","ravus",274.35182,45,255,300,"too big",19.35182,91.4506066666667
"2015-01_Montebello.transect_stereoBRUVs","NCB620","Labridae","Coris","dorsomacula",51.89411,57,323,380,"too small",5.10589,13.6563447368421
"2015-01_Montebello.transect_stereoBRUVs","NCB664","Lethrinidae","Lethrinus","ravus",284.07203,45,255,300,"too big",29.07203,94.6906766666667
"2015-01_Montebello.transect_stereoBRUVs","NCB716","Lethrinidae","Lethrinus","ravus",265.52438,45,255,300,"too big",10.52438,88.5081266666667
"2015-01_Montebello.transect_stereoBRUVs","NCB716","Lethrinidae","Lethrinus","ravus",273.5172,45,255,300,"too big",18.5172,91.1724
"2015-01_Montebello.transect_stereoBRUVs","NCB716","Lethrinidae","Lethrinus","ravus",255.77222,45,255,300,"too big",0.772220000000004,85.2574066666667
"2015-01_Montebello.transect_stereoBRUVs","NCB716","Lethrinidae","Lethrinus","ravus",261.99117,45,255,300,"too big",6.99117000000001,87.33039
"2015-01_Montebello.transect_stereoBRUVs","NCB716","Pomacanthidae","Apolemichthys","trimaculatus",222.17849,39,221,260,"too big",1.17849000000001,85.4532653846154
"2015-01_Montebello.transect_stereoBRUVs","NCB716","Chaetodontidae","Heniochus","acuminatus",237.09852,37.5,212.5,250,"too big",24.59852,94.839408
"2015-01_Montebello.transect_stereoBRUVs","NCB716","Chaetodontidae","Coradion","chrysozonus",174.39343,30,170,200,"too big",4.39343,87.196715
"2015-01_Montebello.transect_stereoBRUVs","NCB707","Carangidae","Atule","mate",265.85406,45,255,300,"too big",10.85406,88.61802
"2015-01_Montebello.transect_stereoBRUVs","NCB707","Carangidae","Atule","mate",285.94869,45,255,300,"too big",30.94869,95.31623
"2015-01_Montebello.transect_stereoBRUVs","NCB707","Carangidae","Atule","mate",319.62455,45,255,300,"too big",64.62455,106.541516666667
"2015-01_Montebello.transect_stereoBRUVs","NCB707","Chaetodontidae","Heniochus","acuminatus",219.1813,37.5,212.5,250,"too big",6.68129999999999,87.67252
"2015-01_Montebello.transect_stereoBRUVs","NCB638","Lutjanidae","Symphorus","nematophorus",872.74403,150,850,1000,"too big",22.74403,87.274403
"2015-01_Montebello.transect_stereoBRUVs","NCB706","Carangidae","Atule","mate",337.53264,45,255,300,"too big",82.53264,112.51088
"2015-01_Montebello.transect_stereoBRUVs","NCB706","Carangidae","Atule","mate",315.56205,45,255,300,"too big",60.56205,105.18735
"2015-01_Montebello.transect_stereoBRUVs","NCB706","Carangidae","Atule","mate",280.9932,45,255,300,"too big",25.9932,93.6644
"2015-01_Montebello.transect_stereoBRUVs","NCB706","Carangidae","Atule","mate",337.28133,45,255,300,"too big",82.28133,112.42711
"2015-01_Montebello.transect_stereoBRUVs","NCB706","Carangidae","Atule","mate",328.61849,45,255,300,"too big",73.61849,109.539496666667
"2015-01_Montebello.transect_stereoBRUVs","NCB706","Lethrinidae","Lethrinus","ravus",290.63666,45,255,300,"too big",35.63666,96.8788866666667
"2015-01_Montebello.transect_stereoBRUVs","NCB706","Lethrinidae","Lethrinus","ravus",265.40604,45,255,300,"too big",10.40604,88.46868
"2015-01_Montebello.transect_stereoBRUVs","NCB706","Lethrinidae","Lethrinus","ravus",265.92331,45,255,300,"too big",10.92331,88.6411033333333
"2015-01_Montebello.transect_stereoBRUVs","NCB706","Lethrinidae","Lethrinus","ravus",271.66782,45,255,300,"too big",16.66782,90.55594
"2015-01_Montebello.transect_stereoBRUVs","NCB706","Lethrinidae","Lethrinus","ravus",259.23454,45,255,300,"too big",4.23453999999998,86.4115133333333
"2015-01_Montebello.transect_stereoBRUVs","NCB706","Lethrinidae","Lethrinus","ravus",271.87516,45,255,300,"too big",16.87516,90.6250533333333
"2015-01_Montebello.transect_stereoBRUVs","NCB706","Lethrinidae","Lethrinus","ravus",273.98404,45,255,300,"too big",18.98404,91.3280133333333
"2015-01_Montebello.transect_stereoBRUVs","NCB706","Labridae","Cirrhilabrus","temminckii",124.2539,17.4,98.6,116,"too big",25.6539,107.115431034483
"2015-01_Montebello.transect_stereoBRUVs","NCB706","Labridae","Coris","caudimacula",173.10642,30,170,200,"too big",3.10642000000001,86.55321
"2015-01_Montebello.transect_stereoBRUVs","NCB706","Labridae","Cirrhilabrus","temminckii",110.69271,17.4,98.6,116,"too big",12.09271,95.42475
"2015-01_Montebello.transect_stereoBRUVs","NCB706","Labridae","Cirrhilabrus","temminckii",106.72889,17.4,98.6,116,"too big",8.12889000000001,92.0076637931035
"2015-01_Montebello.transect_stereoBRUVs","NCB706","Mullidae","Parupeneus","heptacanthus",324.74273,54,306,360,"too big",18.74273,90.2063138888889
"2015-01_Montebello.transect_stereoBRUVs","NCB706","Echeneidae","Echeneis","naucrates",151.9601,165,935,1100,"too small",13.0399,13.8145545454545
"2015-01_Montebello.transect_stereoBRUVs","NCB704","Grammistidae","Diploprion","bifasciatum",249.90076,37.5,212.5,250,"too big",37.40076,99.960304
"2015-01_Montebello.transect_stereoBRUVs","NCB704","Lethrinidae","Lethrinus","ravus",276.14752,45,255,300,"too big",21.14752,92.0491733333333
"2015-01_Montebello.transect_stereoBRUVs","NCB704","Scaridae","Scarus","schlegeli",624.63195,60,340,400,"too big",284.63195,156.1579875
"2015-01_Montebello.transect_stereoBRUVs","NCB683","Carangidae","Atule","mate",278.77039,45,255,300,"too big",23.77039,92.9234633333333
"2015-01_Montebello.transect_stereoBRUVs","NCB683","Carangidae","Atule","mate",270.70477,45,255,300,"too big",15.70477,90.2349233333333
"2015-01_Montebello.transect_stereoBRUVs","NCB683","Carangidae","Atule","mate",283.35517,45,255,300,"too big",28.35517,94.4517233333333
"2015-01_Montebello.transect_stereoBRUVs","NCB683","Labridae","Anampses","lennardi",341.57759,42,238,280,"too big",103.57759,121.991996428571
"2015-01_Montebello.transect_stereoBRUVs","NCB643","Lethrinidae","Lethrinus","ravus",265.88903,45,255,300,"too big",10.88903,88.6296766666667
"2015-01_Montebello.transect_stereoBRUVs","NCB643","Tetraodontidae","Feroxodon","multistriatus",520.74066,58.5,331.5,390,"too big",189.24066,133.523246153846
"2015-01_Montebello.transect_stereoBRUVs","NCB643","Labridae","Leptojulis","cyanopleura",117.68187,19.5,110.5,130,"too big",7.18187,90.5245153846154
"2015-01_Montebello.transect_stereoBRUVs","NCB722","Lethrinidae","Lethrinus","ravus",304.59401,45,255,300,"too big",49.59401,101.531336666667
"2015-01_Montebello.transect_stereoBRUVs","NCB722","Nemipteridae","Scolopsis","monogramma",328.83539,57,323,380,"too big",5.83539000000002,86.5356289473684
"2015-01_Montebello.transect_stereoBRUVs","NCB722","Pomacentridae","Amblypomacentrus","breviceps",73.40701,12.75,72.25,85,"too big",1.15701,86.3611882352941
"2015-01_Montebello.transect_stereoBRUVs","NCB722","Balistidae","Abalistes","stellatus",540.87463,90,510,600,"too big",30.87463,90.1457716666667
"2015-01_Montebello.transect_stereoBRUVs","NCB668","Tetraodontidae","Feroxodon","multistriatus",500.20212,58.5,331.5,390,"too big",168.70212,128.256953846154
"2015-01_Montebello.transect_stereoBRUVs","NCB668","Labridae","Choerodon","cauteroma",402.67764,64.5,365.5,430,"too big",37.17764,93.6459627906977
"2015-01_Montebello.transect_stereoBRUVs","NCB668","Labridae","Coris","dorsomacula",53.08742,57,323,380,"too small",3.91258,13.9703736842105
"2015-01_Montebello.transect_stereoBRUVs","NCB668","Labridae","Coris","dorsomacula",54.52448,57,323,380,"too small",2.47552,14.3485473684211
"2015-01_Montebello.transect_stereoBRUVs","NCB668","Labridae","Coris","dorsomacula",56.69299,57,323,380,"too small",0.307009999999998,14.9192078947368
"2015-01_Montebello.transect_stereoBRUVs","NCB615","Labridae","Coris","pictoides",151.73833,22.5,127.5,150,"too big",24.23833,101.158886666667
"2015-01_Montebello.transect_stereoBRUVs","NCB615","Tetraodontidae","Canthigaster","axiologus",124.19136,15.15,85.85,101,"too big",38.34136,122.961742574257
"2015-01_Montebello.transect_stereoBRUVs","NCB674","Serranidae","Epinephelus","fasciatus",350.56342,60,340,400,"too big",10.56342,87.640855
"2015-01_Montebello.transect_stereoBRUVs","NCB674","Nemipteridae","Pentapodus","porosus",244.96344,40.5,229.5,270,"too big",15.46344,90.7272
"2015-01_Montebello.transect_stereoBRUVs","NCB628","Acanthuridae","Acanthurus","nigricauda",363.82737,60,340,400,"too big",23.82737,90.9568425
"2015-01_Montebello.transect_stereoBRUVs","NCB628","Carangidae","Atule","mate",265.17547,45,255,300,"too big",10.17547,88.3918233333333
"2015-01_Montebello.transect_stereoBRUVs","NCB628","Serranidae","Epinephelus","bilobatus",344.43211,60,340,400,"too big",4.43211000000002,86.1080275
"2015-01_Montebello.transect_stereoBRUVs","NCB628","Carangidae","Gnathanodon","speciosus",96.94167,180,1020,1200,"too small",83.05833,8.0784725
"2015-01_Montebello.transect_stereoBRUVs","NCB628","Carangidae","Gnathanodon","speciosus",75.18416,180,1020,1200,"too small",104.81584,6.26534666666667
"2015-01_Montebello.transect_stereoBRUVs","NCB628","Carangidae","Gnathanodon","speciosus",78.17358,180,1020,1200,"too small",101.82642,6.514465
"2015-01_Montebello.transect_stereoBRUVs","NCB628","Carangidae","Gnathanodon","speciosus",80.42042,180,1020,1200,"too small",99.57958,6.70170166666667
"2015-01_Montebello.transect_stereoBRUVs","NCB628","Carangidae","Gnathanodon","speciosus",55.60325,180,1020,1200,"too small",124.39675,4.63360416666667
"2015-01_Montebello.transect_stereoBRUVs","NCB628","Carangidae","Gnathanodon","speciosus",89.32076,180,1020,1200,"too small",90.67924,7.44339666666667
"2015-01_Montebello.transect_stereoBRUVs","NCB628","Carangidae","Gnathanodon","speciosus",50.43473,180,1020,1200,"too small",129.56527,4.20289416666667
"2015-01_Montebello.transect_stereoBRUVs","NCB628","Carangidae","Gnathanodon","speciosus",61.10153,180,1020,1200,"too small",118.89847,5.09179416666667
"2015-01_Montebello.transect_stereoBRUVs","NCB628","Carangidae","Gnathanodon","speciosus",79.05374,180,1020,1200,"too small",100.94626,6.58781166666667
"2015-01_Montebello.transect_stereoBRUVs","NCB653","Lethrinidae","Lethrinus","ravus",285.38548,45,255,300,"too big",30.38548,95.1284933333333
"2015-01_Montebello.transect_stereoBRUVs","NCB653","Carangidae","Atule","mate",323.98624,45,255,300,"too big",68.98624,107.995413333333
"2015-01_Montebello.transect_stereoBRUVs","NCB653","Carangidae","Atule","mate",323.49004,45,255,300,"too big",68.49004,107.830013333333
"2015-01_Montebello.transect_stereoBRUVs","NCB653","Carangidae","Atule","mate",264.5838,45,255,300,"too big",9.5838,88.1946
"2015-01_Montebello.transect_stereoBRUVs","NCB653","Carangidae","Atule","mate",294.79216,45,255,300,"too big",39.79216,98.2640533333334
"2015-01_Montebello.transect_stereoBRUVs","NCB616","Labridae","Coris","caudimacula",228.49667,30,170,200,"too big",58.49667,114.248335
"2015-01_Montebello.transect_stereoBRUVs","NCB616","Tetraodontidae","Feroxodon","multistriatus",450.82596,58.5,331.5,390,"too big",119.32596,115.5964
"2015-01_Montebello.transect_stereoBRUVs","NCB660","Lethrinidae","Lethrinus","ravus",279.86619,45,255,300,"too big",24.86619,93.28873
"2015-01_Montebello.transect_stereoBRUVs","NCB660","Lethrinidae","Lethrinus","ravus",298.32105,45,255,300,"too big",43.32105,99.44035
"2015-01_Montebello.transect_stereoBRUVs","NCB660","Lethrinidae","Lethrinus","ravus",274.20106,45,255,300,"too big",19.20106,91.4003533333333
"2015-01_Montebello.transect_stereoBRUVs","NCB660","Lethrinidae","Lethrinus","ravus",289.49074,45,255,300,"too big",34.49074,96.4969133333333
"2015-01_Montebello.transect_stereoBRUVs","NCB660","Serranidae","Epinephelus","bilobatus",348.34483,60,340,400,"too big",8.34483,87.0862075
"2015-01_Montebello.transect_stereoBRUVs","NCB648","Lethrinidae","Lethrinus","ravus",281.3828,45,255,300,"too big",26.3828,93.7942666666667
"2015-01_Montebello.transect_stereoBRUVs","NCB648","Lethrinidae","Lethrinus","ravus",267.54508,45,255,300,"too big",12.54508,89.1816933333333
"2015-01_Montebello.transect_stereoBRUVs","NCB648","Lethrinidae","Lethrinus","ravus",265.52897,45,255,300,"too big",10.52897,88.5096566666667
"2015-01_Montebello.transect_stereoBRUVs","NCB648","Lethrinidae","Lethrinus","ravus",296.76585,45,255,300,"too big",41.76585,98.92195
"2015-01_Montebello.transect_stereoBRUVs","NCB648","Chaetodontidae","Heniochus","acuminatus",226.12849,37.5,212.5,250,"too big",13.62849,90.451396
"2015-01_Montebello.transect_stereoBRUVs","NCB661","Lethrinidae","Lethrinus","ravus",264.08142,45,255,300,"too big",9.08141999999998,88.02714
"2015-01_Montebello.transect_stereoBRUVs","NCB661","Lethrinidae","Lethrinus","ravus",276.02267,45,255,300,"too big",21.02267,92.0075566666667
"2015-01_Montebello.transect_stereoBRUVs","NCB661","Carangidae","Atule","mate",266.75048,45,255,300,"too big",11.75048,88.9168266666667
"2015-01_Montebello.transect_stereoBRUVs","NCB661","Serranidae","Epinephelus","bilobatus",347.11678,60,340,400,"too big",7.11678000000001,86.779195
"2015-01_Montebello.transect_stereoBRUVs","NCB665","Pomacanthidae","Pomacanthus","semicirculatus",383.99279,60,340,400,"too big",43.99279,95.9981975
"2015-01_Montebello.transect_stereoBRUVs","NCB665","Pomacanthidae","Pomacanthus","semicirculatus",340.70668,60,340,400,"too big",0.706680000000006,85.17667
"2015-01_Montebello.transect_stereoBRUVs","NCB665","Pomacanthidae","Pomacanthus","imperator",348.18179,60,340,400,"too big",8.18178999999998,87.0454475
"2015-01_Montebello.transect_stereoBRUVs","NCB665","Labridae","Choerodon","cauteroma",389.58306,64.5,365.5,430,"too big",24.08306,90.600711627907
"2015-01_Montebello.transect_stereoBRUVs","NCB665","Labridae","Bodianus","perditio",55.02344,120,680,800,"too small",64.97656,6.87793
"2015-01_Montebello.transect_stereoBRUVs","NCB665","Labridae","Pseudojuloides","severnsi",96.94132,13.725,77.775,91.5,"too big",19.16632,105.946797814208
"2015-01_Montebello.transect_stereoBRUVs","NCB665","Lethrinidae","Lethrinus","ravus",308.57353,45,255,300,"too big",53.57353,102.857843333333
"2015-01_Montebello.transect_stereoBRUVs","NCB665","Lethrinidae","Lethrinus","ravus",284.83181,45,255,300,"too big",29.83181,94.9439366666667
"2015-01_Montebello.transect_stereoBRUVs","NCB665","Lethrinidae","Lethrinus","ravus",258.66375,45,255,300,"too big",3.66374999999999,86.22125
"2015-01_Montebello.transect_stereoBRUVs","NCB665","Lethrinidae","Lethrinus","ravus",271.46553,45,255,300,"too big",16.46553,90.48851
"2015-01_Montebello.transect_stereoBRUVs","NCB665","Lethrinidae","Lethrinus","ravus",256.88423,45,255,300,"too big",1.88423,85.6280766666667
"2015-01_Montebello.transect_stereoBRUVs","NCB665","Lethrinidae","Lethrinus","ravus",278.48108,45,255,300,"too big",23.48108,92.8270266666667
"2015-01_Montebello.transect_stereoBRUVs","NCB665","Pomacanthidae","Chaetodontoplus","duboulayi",256.16227,42,238,280,"too big",18.16227,91.486525
"2015-01_Montebello.transect_stereoBRUVs","NCB665","Carangidae","Gnathanodon","speciosus",147.32685,180,1020,1200,"too small",32.67315,12.2772375
"2015-01_Montebello.transect_stereoBRUVs","NCB665","Serranidae","Epinephelus","bilobatus",355.18764,60,340,400,"too big",15.18764,88.79691
"2015-01_Montebello.transect_stereoBRUVs","NCB647","Labridae","Leptojulis","cyanopleura",126.43551,19.5,110.5,130,"too big",15.93551,97.2580846153846
"2015-01_Montebello.transect_stereoBRUVs","NCB647","Labridae","Leptojulis","cyanopleura",118.74546,19.5,110.5,130,"too big",8.24545999999999,91.3426615384615
"2015-01_Montebello.transect_stereoBRUVs","NCB647","Lethrinidae","Lethrinus","ravus",258.43035,45,255,300,"too big",3.43034999999998,86.14345
"2015-01_Montebello.transect_stereoBRUVs","NCB647","Lethrinidae","Lethrinus","ravus",311.04726,45,255,300,"too big",56.04726,103.68242
"2015-01_Montebello.transect_stereoBRUVs","NCB641","Lethrinidae","Lethrinus","ravus",277.31503,45,255,300,"too big",22.31503,92.4383433333333
"2015-01_Montebello.transect_stereoBRUVs","NCB641","Lethrinidae","Lethrinus","ravus",283.03279,45,255,300,"too big",28.03279,94.3442633333333
"2015-01_Montebello.transect_stereoBRUVs","NCB633","Tetraodontidae","Feroxodon","multistriatus",394.65163,58.5,331.5,390,"too big",63.15163,101.192725641026
"2015-01_Montebello.transect_stereoBRUVs","NCB633","Rhinidae","Rhynchobatus","australiae",2884.7122,450,2550,3000,"too big",334.7122,96.1570733333333
"2015-01_Montebello.transect_stereoBRUVs","NCB700","Tetraodontidae","Lagocephalus","lunaris",500.40158,67.5,382.5,450,"too big",117.90158,111.200351111111
"2015-01_Montebello.transect_stereoBRUVs","NCB708","Labridae","Coris","caudimacula",176.07119,30,170,200,"too big",6.07119,88.035595
"2015-01_Montebello.transect_stereoBRUVs","NCB708","Nemipteridae","Pentapodus","nagasakiensis",177.70134,30,170,200,"too big",7.70133999999999,88.85067
"2015-01_Montebello.transect_stereoBRUVs","NCB623","Labridae","Bodianus","bilunulatus",55.45598,82.5,467.5,550,"too small",27.04402,10.0829054545455
"2015-01_Montebello.transect_stereoBRUVs","NCB623","Labridae","Anampses","lennardi",240.263,42,238,280,"too big",2.26300000000001,85.8082142857143
"2015-01_Montebello.transect_stereoBRUVs","NCB623","Carangidae","Atule","mate",286.76777,45,255,300,"too big",31.76777,95.5892566666667
"2015-01_Montebello.transect_stereoBRUVs","NCB623","Labridae","Hemigymnus","fasciatus",317.0988,45,255,300,"too big",62.0988,105.6996
"2015-01_Montebello.transect_stereoBRUVs","NCB623","Pomacentridae","Pomacentrus","coelestis",151.57486,13.5,76.5,90,"too big",75.07486,168.416511111111
"2015-01_Montebello.transect_stereoBRUVs","NCB623","Pseudochromidae","Pseudochromis","fuscus",241.72779,15,85,100,"too big",156.72779,241.72779
"2015-01_Montebello.transect_stereoBRUVs","NCB662","Lethrinidae","Lethrinus","ravus",261.89515,45,255,300,"too big",6.89515,87.2983833333333
"2015-01_Montebello.transect_stereoBRUVs","NCB662","Lethrinidae","Lethrinus","ravus",274.19735,45,255,300,"too big",19.19735,91.3991166666667
"2015-01_Montebello.transect_stereoBRUVs","NCB662","Mullidae","Parupeneus","indicus",389.07463,67.5,382.5,450,"too big",6.57463000000001,86.4610288888889
"2015-01_Montebello.transect_stereoBRUVs","NCB662","Carangidae","Atule","mate",274.20723,45,255,300,"too big",19.20723,91.40241
"2015-01_Montebello.transect_stereoBRUVs","NCB662","Labridae","Choerodon","cauteroma",381.5703,64.5,365.5,430,"too big",16.0703,88.7372790697674
"2015-01_Montebello.transect_stereoBRUVs","NCB662","Serranidae","Epinephelus","bilobatus",354.54051,60,340,400,"too big",14.54051,88.6351275
"2015-01_Montebello.transect_stereoBRUVs","NCB662","Serranidae","Epinephelus","bilobatus",391.73844,60,340,400,"too big",51.73844,97.93461
"2015-01_Montebello.transect_stereoBRUVs","NCB709","Pomacentridae","Pomacentrus","coelestis",77.81246,13.5,76.5,90,"too big",1.31246,86.4582888888889
"2015-01_Montebello.transect_stereoBRUVs","NCB709","Monacanthidae","Cantherhines","pardalis",231.52062,37.5,212.5,250,"too big",19.02062,92.608248
"2015-01_Montebello.transect_stereoBRUVs","NCB709","Chaetodontidae","Chaetodon","aureofasciatus",146.58333,22.5,127.5,150,"too big",19.08333,97.72222
"2015-01_Montebello.transect_stereoBRUVs","NCB709","Scaridae","Scarus","chameleon",299.98388,46.5,263.5,310,"too big",36.48388,96.7689935483871
"2015-01_Montebello.transect_stereoBRUVs","NCB709","Chaetodontidae","Chaetodon","aureofasciatus",140.49965,22.5,127.5,150,"too big",12.99965,93.6664333333333
"2015-01_Montebello.transect_stereoBRUVs","NCB709","Zanclidae","Zanclus","cornutus",198.04933,34.5,195.5,230,"too big",2.54933,86.1084043478261
"2015-01_Montebello.transect_stereoBRUVs","NCB709","Acanthuridae","Acanthurus","mata",508.96418,75,425,500,"too big",83.96418,101.792836
"2015-01_Montebello.transect_stereoBRUVs","NCB657","Lethrinidae","Lethrinus","ravus",276.93402,45,255,300,"too big",21.93402,92.31134
"2015-01_Montebello.transect_stereoBRUVs","NCB657","Chaetodontidae","Chaetodon","auriga",203.86665,34.5,195.5,230,"too big",8.36664999999999,88.6376739130435
"2015-01_Montebello.transect_stereoBRUVs","NCB701","Carangidae","Gnathanodon","speciosus",35.8163,180,1020,1200,"too small",144.1837,2.98469166666667
"2015-01_Montebello.transect_stereoBRUVs","NCB701","Rhinidae","Rhynchobatus","australiae",2681.66812,450,2550,3000,"too big",131.66812,89.3889373333333
