"campaignid","sample","mean.relief","sd.relief","fieldofview.facing.down","fieldofview.facing.up","fieldofview.limited","fieldofview.open","consolidated","hydroids","invertebrate.complex","macroalgae","octocoral.black","sponges","stony.corals","unconsolidated","crinoids","id","project","latitude","longitude","date","time","location","status","site","depth","observer","successful.count","successful.length","comment"
"2014-10_Montebello.sanctuaries_stereoBRUVs","NCB521",2,0,0,0,5.55555555555556,94.4444444444444,75,0,0,25,0,0,0,0,0,"2014-10_Montebello.sanctuaries_stereoBRUVs.NCB521","Pilbara Marine Conservation Partnership",-20.61335667,115.4360017,20141029,"8:12:00","SW.Montebello","Fished",1,10.6,"Matt","Yes","Yes",NA
"2014-10_Montebello.sanctuaries_stereoBRUVs","NCB522",1,0,0,0,0,100,0,0,0,100,0,0,0,0,0,"2014-10_Montebello.sanctuaries_stereoBRUVs.NCB522","Pilbara Marine Conservation Partnership",-20.60826167,115.436625,20141029,"8:15:00","SW.Montebello","Fished",1,10.6,"Matt","Yes","Yes",NA
"2014-10_Montebello.sanctuaries_stereoBRUVs","NCB524",2.27272727272727,0.646669790682863,0,0,0,100,0,0,0,100,0,0,0,0,0,"2014-10_Montebello.sanctuaries_stereoBRUVs.NCB524","Pilbara Marine Conservation Partnership",-20.60011333,115.43557,20141029,"8:02:00","SW.Montebello","Fished",1,11.6,"Katrina","Yes","Yes",NA
"2014-10_Montebello.sanctuaries_stereoBRUVs","NCB525",2.2,0.421637021355784,0,0,0,100,0,0,0,100,0,0,0,0,0,"2014-10_Montebello.sanctuaries_stereoBRUVs.NCB525","Pilbara Marine Conservation Partnership",-20.59529333,115.434155,20141029,"8:28:00","SW.Montebello","Fished",1,10.8,"Katrina","Yes","Yes",NA
"2014-10_Montebello.sanctuaries_stereoBRUVs","NCB526",2,0,0,0,0,100,33.3333333333333,0,0,66.6666666666667,0,0,0,0,0,"2014-10_Montebello.sanctuaries_stereoBRUVs.NCB526","Pilbara Marine Conservation Partnership",-20.58786,115.4324067,20141029,"8:32:00","SW.Montebello","Fished",1,11.3,"Katrina","Yes","Yes",NA
"2014-10_Montebello.sanctuaries_stereoBRUVs","NCB527",2.42857142857143,0.786795792469443,0,0,0,100,0,0,0,100,0,0,0,0,0,"2014-10_Montebello.sanctuaries_stereoBRUVs.NCB527","Pilbara Marine Conservation Partnership",-20.58033333,115.4315317,20141029,"8:38:00","SW.Montebello","Fished",2,12.1,"Katrina","Yes","Yes",NA
"2014-10_Montebello.sanctuaries_stereoBRUVs","NCB528",2.5,0.52704627669473,0,0,0,100,0,0,0,100,0,0,0,0,0,"2014-10_Montebello.sanctuaries_stereoBRUVs.NCB528","Pilbara Marine Conservation Partnership",-20.57413833,115.4307717,20141029,"8:41:00","SW.Montebello","Fished",2,11.3,"Katrina","Yes","Yes",NA
"2014-10_Montebello.sanctuaries_stereoBRUVs","NCB529",2.72222222222222,0.460888598962477,0,0,0,100,72.2222222222222,0,0,27.7777777777778,0,0,0,0,0,"2014-10_Montebello.sanctuaries_stereoBRUVs.NCB529","Pilbara Marine Conservation Partnership",-20.565655,115.4304983,20141029,"8:48:00","SW.Montebello","Fished",2,11.6,"Katrina","Yes","Yes",NA
"2014-10_Montebello.sanctuaries_stereoBRUVs","NCB530",1.5,0.547722557505166,0,0,10,90,0,0,0,100,0,0,0,0,0,"2014-10_Montebello.sanctuaries_stereoBRUVs.NCB530","Pilbara Marine Conservation Partnership",-20.56051,115.4304067,20141029,"8:55:00","SW.Montebello","Fished",2,11.1,"Katrina","Yes","Yes",NA
"2014-10_Montebello.sanctuaries_stereoBRUVs","NCB531",1,0,0,0,0,100,0,0,0,100,0,0,0,0,0,"2014-10_Montebello.sanctuaries_stereoBRUVs.NCB531","Pilbara Marine Conservation Partnership",-20.53742333,115.4458033,20141029,"10:21:00","SW.Montebello.Sanctuary","No-take",3,9.2,"Todd","Yes","Yes",NA
"2014-10_Montebello.sanctuaries_stereoBRUVs","NCB532",1,0,0,0,0,100,100,0,0,0,0,0,0,0,0,"2014-10_Montebello.sanctuaries_stereoBRUVs.NCB532","Pilbara Marine Conservation Partnership",-20.54477167,115.4574133,20141029,"10:28:00","SW.Montebello.Sanctuary","No-take",3,8,"Todd","Yes","Yes",NA
"2014-10_Montebello.sanctuaries_stereoBRUVs","NCB533",1,0,0,0,0,100,0,0,0,0,0,0,0,0,0,"2014-10_Montebello.sanctuaries_stereoBRUVs.NCB533","Pilbara Marine Conservation Partnership",-20.54879,115.4697,20141029,"10:34:00","SW.Montebello.Sanctuary","No-take",3,9.2,"Todd","Yes","Yes",NA
"2014-10_Montebello.sanctuaries_stereoBRUVs","NCB534",1.3,0.674948557710553,0,0,0,100,0,0,0,0,0,0,0,100,0,"2014-10_Montebello.sanctuaries_stereoBRUVs.NCB534","Pilbara Marine Conservation Partnership",-20.51263667,115.4801367,20141029,"10:48:00","SW.Montebello.Sanctuary","No-take",4,8,"Todd","Yes","Yes",NA
"2014-10_Montebello.sanctuaries_stereoBRUVs","NCB535",1,0,0,0,0,100,0,0,0,0,0,0,0,100,0,"2014-10_Montebello.sanctuaries_stereoBRUVs.NCB535","Pilbara Marine Conservation Partnership",-20.514815,115.4677083,20141029,"10:54:00","SW.Montebello.Sanctuary","No-take",4,9.6,"Todd","Yes","Yes",NA
"2014-10_Montebello.sanctuaries_stereoBRUVs","NCB536",1,0,0,0,0,100,0,0,0,0,0,0,0,100,0,"2014-10_Montebello.sanctuaries_stereoBRUVs.NCB536","Pilbara Marine Conservation Partnership",-20.51856667,115.4561783,20141029,"10:59:00","SW.Montebello.Sanctuary","No-take",4,9.4,"Todd","Yes","Yes",NA
"2014-10_Montebello.sanctuaries_stereoBRUVs","NCB537",1.5,0.514495755427527,0,0,0,100,0,0,0,100,0,0,0,0,0,"2014-10_Montebello.sanctuaries_stereoBRUVs.NCB537","Pilbara Marine Conservation Partnership",-20.51351333,115.4495533,20141029,"11:05:00","SW.Montebello.Sanctuary","No-take",5,10.1,"Todd","Yes","Yes",NA
"2014-10_Montebello.sanctuaries_stereoBRUVs","NCB538",2.4,0.894427190999916,0,0,0,100,0,0,0,100,0,0,0,0,0,"2014-10_Montebello.sanctuaries_stereoBRUVs.NCB538","Pilbara Marine Conservation Partnership",-20.503515,115.4448933,20141029,"11:01:00","SW.Montebello.Sanctuary","No-take",5,10,"Todd","Yes","No",NA
"2014-10_Montebello.sanctuaries_stereoBRUVs","NCB539",2.4375,0.629152869605896,0,0,0,100,0,0,0,100,0,0,0,0,0,"2014-10_Montebello.sanctuaries_stereoBRUVs.NCB539","Pilbara Marine Conservation Partnership",-20.49274333,115.4475433,20141029,"11:15:00","SW.Montebello.Sanctuary","No-take",5,10.4,"Todd","Yes","Yes",NA
"2014-10_Montebello.sanctuaries_stereoBRUVs","NCB540",2.6875,0.873212459828649,0,0,0,100,0,0,0,93.75,0,0,0,6.25,0,"2014-10_Montebello.sanctuaries_stereoBRUVs.NCB540","Pilbara Marine Conservation Partnership",-20.48459,115.4523683,20141029,"11:19:00","SW.Montebello.Sanctuary","No-take",5,10.4,"Todd","Yes","No",NA
"2014-10_Montebello.sanctuaries_stereoBRUVs","NCB541",1.5,0.534522483824849,0,0,0,100,0,0,0,100,0,0,0,0,0,"2014-10_Montebello.sanctuaries_stereoBRUVs.NCB541","Pilbara Marine Conservation Partnership",-20.45731333,115.46351,20141029,"13:02:00","SW.Montebello.Sanctuary","No-take",6,10.3,"Matt","Yes","Yes",NA
"2014-10_Montebello.sanctuaries_stereoBRUVs","NCB542",1.2,0.447213595499958,0,0,0,100,0,0,0,20,0,0,0,80,0,"2014-10_Montebello.sanctuaries_stereoBRUVs.NCB542","Pilbara Marine Conservation Partnership",-20.45141167,115.4658633,20141029,"13:06:00","SW.Montebello.Sanctuary","No-take",6,8.5,"Katrina","Yes","Yes",NA
"2014-10_Montebello.sanctuaries_stereoBRUVs","NCB543",1,0,0,0,0,100,0,0,0,100,0,0,0,0,0,"2014-10_Montebello.sanctuaries_stereoBRUVs.NCB543","Pilbara Marine Conservation Partnership",-20.44637667,115.4674667,20141029,"13:07:00","SW.Montebello.Sanctuary","No-take",6,9.5,"Matt","Yes","Yes",NA
"2014-10_Montebello.sanctuaries_stereoBRUVs","NCB544",1,0,0,0,0,100,0,0,0,100,0,0,0,0,0,"2014-10_Montebello.sanctuaries_stereoBRUVs.NCB544","Pilbara Marine Conservation Partnership",-20.44036,115.4730217,20141029,"13:11:00","SW.Montebello.Sanctuary","No-take",6,9.4,"Katrina","Yes","Yes",NA
"2014-10_Montebello.sanctuaries_stereoBRUVs","NCB545",1.28571428571429,0.487950036474267,0,0,5,95,0,0,0,100,0,0,0,0,0,"2014-10_Montebello.sanctuaries_stereoBRUVs.NCB545","Pilbara Marine Conservation Partnership",-20.4358,115.4761217,20141029,"13:15:00","SW.Montebello.Sanctuary","No-take",6,9.1,"Todd","Yes","Yes",NA
"2014-10_Montebello.sanctuaries_stereoBRUVs","NCB546",2.15384615384615,0.375533808099405,0,0,5,95,0,0,0,100,0,0,0,0,0,"2014-10_Montebello.sanctuaries_stereoBRUVs.NCB546","Pilbara Marine Conservation Partnership",-20.42827833,115.478225,20141029,"13:02:00","NW.Montebello","Fished",7,9.7,"Todd","Yes","Yes",NA
"2014-10_Montebello.sanctuaries_stereoBRUVs","NCB547",1.83333333333333,0.752772652709081,0,0,0,100,0,0,0,100,0,0,0,0,0,"2014-10_Montebello.sanctuaries_stereoBRUVs.NCB547","Pilbara Marine Conservation Partnership",-20.42313167,115.4844617,20141029,"13:23:00","NW.Montebello","Fished",7,11.9,"Todd","Yes","Yes",NA
"2014-10_Montebello.sanctuaries_stereoBRUVs","NCB548",2.63157894736842,0.683985568056769,0,0,0,100,0,0,0,100,0,0,0,0,0,"2014-10_Montebello.sanctuaries_stereoBRUVs.NCB548","Pilbara Marine Conservation Partnership",-20.42086667,115.4866733,20141029,"13:29:00","NW.Montebello","Fished",7,9.7,"Todd","Yes","Yes",NA
"2014-10_Montebello.sanctuaries_stereoBRUVs","NCB549",2.18181818181818,0.603022689155527,0,0,0,100,100,0,0,0,0,0,0,0,0,"2014-10_Montebello.sanctuaries_stereoBRUVs.NCB549","Pilbara Marine Conservation Partnership",-20.41598833,115.49133,20141029,"13:33:00","NW.Montebello","Fished",7,8.6,"Katrina","Yes","Yes",NA
"2014-10_Montebello.sanctuaries_stereoBRUVs","NCB550",1.28571428571429,0.468807230938495,0,0,0,100,0,0,0,0,0,0,0,100,0,"2014-10_Montebello.sanctuaries_stereoBRUVs.NCB550","Pilbara Marine Conservation Partnership",-20.40909333,115.4897267,20141029,"13:39:00","NW.Montebello","Fished",7,10.2,"Todd","Yes","Yes",NA
"2014-10_Montebello.sanctuaries_stereoBRUVs","NCB551",1.6,0.547722557505166,0,0,0,100,0,0,0,40,20,0,0,40,0,"2014-10_Montebello.sanctuaries_stereoBRUVs.NCB551","Pilbara Marine Conservation Partnership",-20.404815,115.4870917,20141029,"15:05:00","NW.Montebello","Fished",8,9,"Matt","Yes","Yes",NA
"2014-10_Montebello.sanctuaries_stereoBRUVs","NCB553",1,0,0,0,0,100,0,0,0,0,0,0,0,100,0,"2014-10_Montebello.sanctuaries_stereoBRUVs.NCB553","Pilbara Marine Conservation Partnership",-20.39478667,115.491335,20141029,"15:11:00","NW.Montebello","Fished",8,10.7,"Todd","Yes","Yes",NA
"2014-10_Montebello.sanctuaries_stereoBRUVs","NCB554",1.88888888888889,0.333333333333333,0,0,0,100,0,0,0,100,0,0,0,0,0,"2014-10_Montebello.sanctuaries_stereoBRUVs.NCB554","Pilbara Marine Conservation Partnership",-20.38344,115.4920867,20141029,"15:28:00","NW.Montebello","Fished",8,12.3,"Emma","Yes","Yes",NA
"2014-10_Montebello.sanctuaries_stereoBRUVs","NCB555",1.83333333333333,0.408248290463863,0,0,0,100,80,0,0,0,20,0,0,0,0,"2014-10_Montebello.sanctuaries_stereoBRUVs.NCB555","Pilbara Marine Conservation Partnership",-20.37749833,115.4973267,20141029,"15:32:00","NW.Montebello","Fished",8,9.5,"Emma","Yes","Yes",NA
"2014-10_Montebello.sanctuaries_stereoBRUVs","NCB556",1.75,0.462910049886276,0,0,0,100,0,0,0,0,100,0,0,0,0,"2014-10_Montebello.sanctuaries_stereoBRUVs.NCB556","Pilbara Marine Conservation Partnership",-20.37015941,115.4968709,20141029,"15:41:00","N.Montebello.Sanctuary","No-take",9,12.6,"Emma","Yes","Yes",NA
"2014-10_Montebello.sanctuaries_stereoBRUVs","NCB557",1.46666666666667,0.639940473422184,0,0,0,100,46.6666666666667,0,0,20,33.3333333333333,0,0,0,0,"2014-10_Montebello.sanctuaries_stereoBRUVs.NCB557","Pilbara Marine Conservation Partnership",-20.36579667,115.498375,20141029,"15:44:00","N.Montebello.Sanctuary","No-take",9,8.3,"Emma","Yes","Yes",NA
"2014-10_Montebello.sanctuaries_stereoBRUVs","NCB558",0,0,0,0,0,100,0,0,0,0,0,0,0,100,0,"2014-10_Montebello.sanctuaries_stereoBRUVs.NCB558","Pilbara Marine Conservation Partnership",-20.36098333,115.5019183,20141029,"15:47:00","N.Montebello.Sanctuary","No-take",9,11.5,"Katrina","Yes","Yes",NA
"2014-10_Montebello.sanctuaries_stereoBRUVs","NCB559",2.84210526315789,0.374634324632678,0,0,45,55,100,0,0,0,0,0,0,0,0,"2014-10_Montebello.sanctuaries_stereoBRUVs.NCB559","Pilbara Marine Conservation Partnership",-20.35543,115.5017033,20141029,"15:52:00","N.Montebello.Sanctuary","No-take",9,9,"Katrina","Yes","Yes",NA
"2014-10_Montebello.sanctuaries_stereoBRUVs","NCB560",1.3,0.483045891539648,0,0,0,100,0,0,0,50,0,0,0,50,0,"2014-10_Montebello.sanctuaries_stereoBRUVs.NCB560","Pilbara Marine Conservation Partnership",-20.34991167,115.500005,20141029,"15:56:00","N.Montebello.Sanctuary","No-take",10,11.8,"Katrina","Yes","Yes",NA
"2014-10_Montebello.sanctuaries_stereoBRUVs","NCB561",0,0,0,0,0,100,0,0,0,0,0,0,0,100,0,"2014-10_Montebello.sanctuaries_stereoBRUVs.NCB561","Pilbara Marine Conservation Partnership",-20.34493667,115.500575,20141030,"7:31:00","N.Montebello.Sanctuary","No-take",10,12.4,"ET","Yes","Yes",NA
"2014-10_Montebello.sanctuaries_stereoBRUVs","NCB562",1.28571428571429,0.755928946018454,0,0,0,100,0,0,0,0,0,0,14.2857142857143,85.7142857142857,0,"2014-10_Montebello.sanctuaries_stereoBRUVs.NCB562","Pilbara Marine Conservation Partnership",-20.34061833,115.50644,20141030,"7:35:00","N.Montebello.Sanctuary","No-take",10,12.8,"ET","Yes","Yes",NA
"2014-10_Montebello.sanctuaries_stereoBRUVs","NCB563",2.5,0.52704627669473,0,0,0,100,0,0,0,0,100,0,0,0,0,"2014-10_Montebello.sanctuaries_stereoBRUVs.NCB563","Pilbara Marine Conservation Partnership",-20.34109667,115.5150517,20141030,"7:39:00","N.Montebello.Sanctuary","No-take",11,11.7,"ET","Yes","Yes",NA
"2014-10_Montebello.sanctuaries_stereoBRUVs","NCB565",2.25,0.462910049886276,0,0,5,95,0,0,0,0,100,0,0,0,0,"2014-10_Montebello.sanctuaries_stereoBRUVs.NCB565","Pilbara Marine Conservation Partnership",-20.345615,115.5346833,20141030,"7:52:00","N.Montebello.Sanctuary","No-take",11,12.7,"ET","Yes","Yes",NA
"2014-10_Montebello.sanctuaries_stereoBRUVs","NCB566",2.44444444444444,1.04161764590537,0,0,5,95,37.5,0,0,0,56.25,0,6.25,0,0,"2014-10_Montebello.sanctuaries_stereoBRUVs.NCB566","Pilbara Marine Conservation Partnership",-20.35170167,115.5446517,20141030,"7:56:00","N.Montebello.Sanctuary","No-take",11,9.1,"ET","Yes","Yes",NA
"2014-10_Montebello.sanctuaries_stereoBRUVs","NCB567",3.9,0.447213595499958,0,0,0,100,80,0,0,0,0,0,20,0,0,"2014-10_Montebello.sanctuaries_stereoBRUVs.NCB567","Pilbara Marine Conservation Partnership",-20.35786333,115.5522567,20141030,"8:00:00","NE.Montebello","Fished",12,10.7,"Matt","Yes","Yes",NA
"2014-10_Montebello.sanctuaries_stereoBRUVs","NCB569",3,0.816496580927726,0,0,0,100,0,0,0,0,100,0,0,0,0,"2014-10_Montebello.sanctuaries_stereoBRUVs.NCB569","Pilbara Marine Conservation Partnership",-20.37152,115.5689683,20141030,"8:09:00","NE.Montebello","Fished",12,11.9,"Matt","Yes","Yes",NA
"2014-10_Montebello.sanctuaries_stereoBRUVs","NCB570",1.7,1.05934990547138,0,0,0,100,10,0,50,0,40,0,0,0,0,"2014-10_Montebello.sanctuaries_stereoBRUVs.NCB570","Pilbara Marine Conservation Partnership",-20.37763333,115.5736667,20141030,"8:12:00","NE.Montebello","Fished",12,9.7,"Katrina","Yes","Yes",NA
"2014-10_Montebello.sanctuaries_stereoBRUVs","NCB571",2.83333333333333,0.408248290463863,0,0,0,100,0,0,0,0,100,0,0,0,0,"2014-10_Montebello.sanctuaries_stereoBRUVs.NCB571","Pilbara Marine Conservation Partnership",-20.381915,115.5774317,20141030,"9:39:00","NE.Montebello","Fished",12,12.1,"Matt","Yes","Yes",NA
"2014-10_Montebello.sanctuaries_stereoBRUVs","NCB572",1.90909090909091,0.700649049745371,0,0,0,100,45.4545454545455,0,0,0,54.5454545454545,0,0,0,0,"2014-10_Montebello.sanctuaries_stereoBRUVs.NCB572","Pilbara Marine Conservation Partnership",-20.38769167,115.581155,20141030,"9:44:00","NE.Montebello","Fished",13,11.9,"Katrina","Yes","Yes",NA
"2014-10_Montebello.sanctuaries_stereoBRUVs","NCB574",1.33333333333333,0.516397779494322,0,0,0,100,80,0,0,0,20,0,0,0,0,"2014-10_Montebello.sanctuaries_stereoBRUVs.NCB574","Pilbara Marine Conservation Partnership",-20.39786,115.5876917,20141030,"9:49:00","NE.Montebello","Fished",13,9.3,"ET","Yes","Yes",NA
"2014-10_Montebello.sanctuaries_stereoBRUVs","NCB575",2.4,0.843274042711568,0,0,0,100,10,0,0,0,90,0,0,0,0,"2014-10_Montebello.sanctuaries_stereoBRUVs.NCB575","Pilbara Marine Conservation Partnership",-20.40385167,115.5895183,20141030,"9:51:00","NE.Montebello","Fished",13,9.7,"ET","Yes","Yes",NA
"2014-10_Montebello.sanctuaries_stereoBRUVs","NCB576",2.52941176470588,0.514495755427527,0,0,0,100,29.4117647058824,0,0,0,52.9411764705882,0,5.88235294117647,11.7647058823529,0,"2014-10_Montebello.sanctuaries_stereoBRUVs.NCB576","Pilbara Marine Conservation Partnership",-20.40757833,115.5935383,20141030,"9:54:00","NE.Montebello","Fished",13,11.8,"ET","Yes","No",NA
"2014-10_Montebello.sanctuaries_stereoBRUVs","NCB577",2.57894736842105,0.768533196975772,0,0,0,100,52.9411764705882,0,0,0,47.0588235294118,0,0,0,0,"2014-10_Montebello.sanctuaries_stereoBRUVs.NCB577","Pilbara Marine Conservation Partnership",-20.41234333,115.5955617,20141030,"9:56:00","NE.Montebello","Fished",14,11.1,"ET","Yes","Yes",NA
"2014-10_Montebello.sanctuaries_stereoBRUVs","NCB578",1,0,0,0,5,95,100,0,0,0,0,0,0,0,0,"2014-10_Montebello.sanctuaries_stereoBRUVs.NCB578","Pilbara Marine Conservation Partnership",-20.41755667,115.598655,20141030,"10:00:00","NE.Montebello","Fished",14,8.7,"Matt","Yes","Yes",NA
"2014-10_Montebello.sanctuaries_stereoBRUVs","NCB579",1.4,0.547722557505166,0,0,5,95,0,0,0,0,40,0,0,60,0,"2014-10_Montebello.sanctuaries_stereoBRUVs.NCB579","Pilbara Marine Conservation Partnership",-20.421535,115.6040733,20141030,"10:02:00","NE.Montebello","Fished",14,9.5,"Katrina","Yes","Yes",NA
"2014-10_Montebello.sanctuaries_stereoBRUVs","NCB580",1,0,0,0,0,100,0,0,0,0,0,0,0,100,0,"2014-10_Montebello.sanctuaries_stereoBRUVs.NCB580","Pilbara Marine Conservation Partnership",-20.42809333,115.604955,20141030,"10:05:00","NE.Montebello","Fished",14,10.7,"Matt","Yes","No",NA
"2014-10_Montebello.sanctuaries_stereoBRUVs","NCB581",1,0,0,0,0,100,0,0,0,40,0,0,0,60,0,"2014-10_Montebello.sanctuaries_stereoBRUVs.NCB581","Pilbara Marine Conservation Partnership",-20.43854333,115.60975,20141030,"11:44:00","SE.Montebello.Sanctuary","No-take",15,11.3,"Matt","Yes","Yes",NA
"2014-10_Montebello.sanctuaries_stereoBRUVs","NCB582",0,0,0,0,0,100,0,0,0,0,0,0,0,100,0,"2014-10_Montebello.sanctuaries_stereoBRUVs.NCB582","Pilbara Marine Conservation Partnership",-20.43864,115.59759,20141030,"11:47:00","SE.Montebello.Sanctuary","No-take",15,11.8,"Katrina","Yes","Yes",NA
"2014-10_Montebello.sanctuaries_stereoBRUVs","NCB583",1,0,0,0,0,100,0,0,0,0,0,0,0,100,0,"2014-10_Montebello.sanctuaries_stereoBRUVs.NCB583","Pilbara Marine Conservation Partnership",-20.43579333,115.5889083,20141030,"11:52:00","SE.Montebello.Sanctuary","No-take",15,9.9,"Katrina","Yes","Yes",NA
"2014-10_Montebello.sanctuaries_stereoBRUVs","NCB584",0,0,0,0,0,100,0,0,0,0,0,0,0,100,0,"2014-10_Montebello.sanctuaries_stereoBRUVs.NCB584","Pilbara Marine Conservation Partnership",-20.44629,115.5859617,20141030,"11:56:00","SE.Montebello.Sanctuary","No-take",15,11.5,"Katrina","Yes","Yes",NA
"2014-10_Montebello.sanctuaries_stereoBRUVs","NCB585",0.909090909090909,0.539359889970594,0,0,0,100,0,0,0,27.2727272727273,0,0,0,72.7272727272727,0,"2014-10_Montebello.sanctuaries_stereoBRUVs.NCB585","Pilbara Marine Conservation Partnership",-20.45501167,115.58639,20141030,"11:59:00","SE.Montebello.Sanctuary","No-take",15,11.5,"Matt","Yes","Yes",NA
"2014-10_Montebello.sanctuaries_stereoBRUVs","NCB586",1.18181818181818,1.07871977994119,0,0,0,100,0,0,0,18.1818181818182,27.2727272727273,0,0,54.5454545454545,0,"2014-10_Montebello.sanctuaries_stereoBRUVs.NCB586","Pilbara Marine Conservation Partnership",-20.46391833,115.5854817,20141030,"12:04:00","SE.Montebello.Sanctuary","No-take",16,11.9,"Matt","Yes","Yes",NA
"2014-10_Montebello.sanctuaries_stereoBRUVs","NCB587",2,0,0,0,0,100,0,0,0,83.3333333333333,0,0,16.6666666666667,0,0,"2014-10_Montebello.sanctuaries_stereoBRUVs.NCB587","Pilbara Marine Conservation Partnership",-20.47206833,115.5801467,20141030,"12:08:00","SE.Montebello.Sanctuary","No-take",16,10.5,"Matt","Yes","No",NA
"2014-10_Montebello.sanctuaries_stereoBRUVs","NCB588",1,0,100,0,0,0,0,0,0,5,0,0,0,95,0,"2014-10_Montebello.sanctuaries_stereoBRUVs.NCB588","Pilbara Marine Conservation Partnership",-20.47937833,115.575085,20141030,"12:11:00","SE.Montebello.Sanctuary","No-take",16,8.5,"Emma","Yes","Yes",NA
"2014-10_Montebello.sanctuaries_stereoBRUVs","NCB589",2.1,0.316227766016838,0,0,0,100,0,0,0,100,0,0,0,0,0,"2014-10_Montebello.sanctuaries_stereoBRUVs.NCB589","Pilbara Marine Conservation Partnership",-20.486645,115.5689567,20141030,"12:15:00","SE.Montebello.Sanctuary","No-take",16,11.9,"Emma","Yes","Yes",NA
"2014-10_Montebello.sanctuaries_stereoBRUVs","NCB590",1.83333333333333,1.16904519445001,5,0,0,95,0,0,0,83.3333333333333,0,0,0,16.6666666666667,0,"2014-10_Montebello.sanctuaries_stereoBRUVs.NCB590","Pilbara Marine Conservation Partnership",-20.49486667,115.5635617,20141030,"12:02:00","SE.Montebello.Sanctuary","No-take",16,8.9,"Emma","Yes","Yes",NA
"2014-10_Montebello.sanctuaries_stereoBRUVs","NCB591",3,0.816496580927726,0,0,0,100,0,0,0,0,12.5,0,87.5,0,0,"2014-10_Montebello.sanctuaries_stereoBRUVs.NCB591","Pilbara Marine Conservation Partnership",-20.50507167,115.5644133,20141030,"13:49:00","SE.Montebello.Sanctuary","No-take",17,9.2,"Emma","Yes","Yes",NA
"2014-10_Montebello.sanctuaries_stereoBRUVs","NCB592",2.5,0.52704627669473,0,0,0,100,77.7777777777778,0,0,0,0,0,22.2222222222222,0,0,"2014-10_Montebello.sanctuaries_stereoBRUVs.NCB592","Pilbara Marine Conservation Partnership",-20.51542,115.5650367,20141030,"13:55:00","SE.Montebello.Sanctuary","No-take",17,8.3,"Emma","Yes","Yes",NA
"2014-10_Montebello.sanctuaries_stereoBRUVs","NCB593",2.66666666666667,0.778498944161523,0,0,0,100,63.6363636363636,0,0,0,9.09090909090909,0,27.2727272727273,0,0,"2014-10_Montebello.sanctuaries_stereoBRUVs.NCB593","Pilbara Marine Conservation Partnership",-20.52320833,115.5661433,20141030,"13:58:00","SE.Montebello.Sanctuary","No-take",17,11.3,"Emma","Yes","Yes",NA
"2014-10_Montebello.sanctuaries_stereoBRUVs","NCB595",2.88235294117647,0.332105582077536,0,0,0,100,58.8235294117647,5.88235294117647,0,11.7647058823529,0,5.88235294117647,17.6470588235294,0,0,"2014-10_Montebello.sanctuaries_stereoBRUVs.NCB595","Pilbara Marine Conservation Partnership",-20.54322,115.5719783,20141030,"14:08:00","SE.Montebello.Sanctuary","No-take",17,10.5,"Emma","Yes","Yes",NA
"2014-10_Montebello.sanctuaries_stereoBRUVs","NCB596",2.77777777777778,1.16596617626027,0,0,0,100,50,0,0,0,16.6666666666667,0,27.7777777777778,5.55555555555556,0,"2014-10_Montebello.sanctuaries_stereoBRUVs.NCB596","Pilbara Marine Conservation Partnership",-20.56196667,115.5803417,20141030,"14:15:00","SE.Montebello","Fished",18,10.4,"Emma","Yes","Yes",NA
"2014-10_Montebello.sanctuaries_stereoBRUVs","NCB597",1.83333333333333,0.389249472080761,0,0,0,100,44.4444444444444,0,0,0,33.3333333333333,0,22.2222222222222,0,0,"2014-10_Montebello.sanctuaries_stereoBRUVs.NCB597","Pilbara Marine Conservation Partnership",-20.57062667,115.5806733,20141030,"14:18:00","SE.Montebello","Fished",18,9.4,"Emma","Yes","Yes",NA
"2014-10_Montebello.sanctuaries_stereoBRUVs","NCB598",2.21052631578947,0.917662935482247,0,0,0,100,61.1111111111111,0,0,5.55555555555556,11.1111111111111,0,5.55555555555556,16.6666666666667,0,"2014-10_Montebello.sanctuaries_stereoBRUVs.NCB598","Pilbara Marine Conservation Partnership",-20.58195167,115.5806933,20141030,"14:24:00","SE.Montebello","Fished",18,8.1,"Emma","Yes","Yes",NA
"2014-10_Montebello.sanctuaries_stereoBRUVs","NCB600",2,0.458831467741124,0,0,0,100,45,0,0,0,25,0,30,0,0,"2014-10_Montebello.sanctuaries_stereoBRUVs.NCB600","Pilbara Marine Conservation Partnership",-20.59953667,115.5771333,20141030,"14:33:00","SE.Montebello","Fished",19,12,"Emma","Yes","Yes",NA
"2014-10_Montebello.sanctuaries_stereoBRUVs","NCB602",1,0,0,0,0,100,0,0,0,100,0,0,0,0,0,"2014-10_Montebello.sanctuaries_stereoBRUVs.NCB602","Pilbara Marine Conservation Partnership",-20.617625,115.5755133,20141030,"15:48:00","SE.Montebello","Fished",19,8.2,"Emma","Yes","No",NA
"2014-10_Montebello.sanctuaries_stereoBRUVs","NCB605",0,0,0,0,0,100,0,0,0,0,0,0,0,100,0,"2014-10_Montebello.sanctuaries_stereoBRUVs.NCB605","Pilbara Marine Conservation Partnership",-20.61218667,115.5416667,20141030,"16:02:00","SE.Montebello","Fished",19,8,"Emma","Yes","Yes",NA
"2015-01_Montebello.transect_stereoBRUVs","NCB606",1.2,0.447213595499958,0,0,0,100,0,0,0,0,20,0,0,80,0,"2015-01_Montebello.transect_stereoBRUVs.NCB606","Pilbara Marine Conservation Partnership",-20.408,115.48192,20150117,"8:45:00","Montebello","Fished",NA,25.7,"Emma","Yes","Yes",NA
"2015-01_Montebello.transect_stereoBRUVs","NCB607",1,1.05409255338946,0,0,0,100,40,0,0,0,0,0,0,60,0,"2015-01_Montebello.transect_stereoBRUVs.NCB607","Pilbara Marine Conservation Partnership",-20.407,115.47612,20150117,"8:48:00","Montebello","Fished",NA,29,"Emma","Yes","Yes",NA
"2015-01_Montebello.transect_stereoBRUVs","NCB608",0,0,0,0,0,100,0,0,0,0,0,0,0,100,0,"2015-01_Montebello.transect_stereoBRUVs.NCB608","Pilbara Marine Conservation Partnership",-20.405,115.46842,20150117,"8:56:00","Montebello","Fished",NA,30.4,"Emma","Yes","Yes",NA
"2015-01_Montebello.transect_stereoBRUVs","NCB609",0,0,0,0,0,100,0,0,0,0,0,0,0,100,0,"2015-01_Montebello.transect_stereoBRUVs.NCB609","Pilbara Marine Conservation Partnership",-20.404,115.45887,20150117,"9:01:00","Montebello","Fished",NA,29.4,"Emma","Yes","Yes",NA
"2015-01_Montebello.transect_stereoBRUVs","NCB610",0,0,0,0,0,100,0,0,0,0,0,0,0,100,0,"2015-01_Montebello.transect_stereoBRUVs.NCB610","Pilbara Marine Conservation Partnership",-20.402,115.45061,20150117,"9:07:00","Montebello","Fished",NA,23.3,"Emma","Yes","Yes",NA
"2015-01_Montebello.transect_stereoBRUVs","NCB611",1,0,0,0,0,100,0,0,0,0,0,0,0,100,0,"2015-01_Montebello.transect_stereoBRUVs.NCB611","Pilbara Marine Conservation Partnership",-20.4,115.44188,20150117,"9:12:00","Montebello","Fished",NA,22.6,"Emma","Yes","Yes",NA
"2015-01_Montebello.transect_stereoBRUVs","NCB612",1,0,0,0,0,100,0,0,0,0,0,0,0,100,0,"2015-01_Montebello.transect_stereoBRUVs.NCB612","Pilbara Marine Conservation Partnership",-20.398,115.43266,20150117,"9:18:00","Montebello","Fished",NA,24.5,"Emma","Yes","Yes",NA
"2015-01_Montebello.transect_stereoBRUVs","NCB613",1.2,0.632455532033676,0,0,0,100,0,0,0,10,0,0,0,90,0,"2015-01_Montebello.transect_stereoBRUVs.NCB613","Pilbara Marine Conservation Partnership",-20.396,115.42453,20150117,"9:23:00","Montebello","Fished",NA,26.3,"Emma","Yes","Yes",NA
"2015-01_Montebello.transect_stereoBRUVs","NCB614",1.4,0.516397779494322,0,0,0,100,0,0,0,20,0,0,0,80,0,"2015-01_Montebello.transect_stereoBRUVs.NCB614","Pilbara Marine Conservation Partnership",-20.394,115.41624,20150117,"9:27:00","Montebello","Fished",NA,28.3,"Matt/Todd","Yes","Yes",NA
"2015-01_Montebello.transect_stereoBRUVs","NCB615",1,0.707106781186548,0,0,0,100,0,0,0,0,22.2222222222222,0,0,77.7777777777778,0,"2015-01_Montebello.transect_stereoBRUVs.NCB615","Pilbara Marine Conservation Partnership",-20.392,115.407,20150117,"9:33:00","Montebello","Fished",NA,31.9,"Katrina","Yes","Yes",NA
"2015-01_Montebello.transect_stereoBRUVs","NCB616",1,0,0,0,0,100,0,0,0,0,0,0,0,100,0,"2015-01_Montebello.transect_stereoBRUVs.NCB616","Pilbara Marine Conservation Partnership",-20.39,115.39678,20150117,"11:26:00","Montebello","Fished",NA,33.1,"Katrina","Yes","Yes",NA
"2015-01_Montebello.transect_stereoBRUVs","NCB617",0.3,0.483045891539648,0,0,0,100,0,0,0,0,0,0,0,100,0,"2015-01_Montebello.transect_stereoBRUVs.NCB617","Pilbara Marine Conservation Partnership",-20.386,115.38707,20150117,"11:32:00","Montebello","Fished",NA,36.9,"Katrina","Yes","Yes",NA
"2015-01_Montebello.transect_stereoBRUVs","NCB618",0,0,0,0,0,100,0,0,0,0,0,0,0,100,0,"2015-01_Montebello.transect_stereoBRUVs.NCB618","Pilbara Marine Conservation Partnership",-20.383,115.37587,20150117,"11:40:00","Montebello","Fished",NA,40.4,"Katrina","Yes","Yes",NA
"2015-01_Montebello.transect_stereoBRUVs","NCB619",0.7,0.674948557710553,0,0,0,100,0,0,0,0,0,0,0,100,0,"2015-01_Montebello.transect_stereoBRUVs.NCB619","Pilbara Marine Conservation Partnership",-20.38,115.36088,20150117,"11:46:00","Montebello","Fished",NA,37.3,"Katrina","Yes","Yes",NA
"2015-01_Montebello.transect_stereoBRUVs","NCB620",0.3,0.483045891539648,0,0,0,100,0,0,0,0,0,0,0,100,0,"2015-01_Montebello.transect_stereoBRUVs.NCB620","Pilbara Marine Conservation Partnership",-20.376,115.34493,20150117,"11:54:00","Montebello","Fished",NA,41.6,"Katrina","Yes","Yes",NA
"2015-01_Montebello.transect_stereoBRUVs","NCB621",2,0,0,0,0,100,100,0,0,0,0,0,0,0,0,"2015-01_Montebello.transect_stereoBRUVs.NCB621","Pilbara Marine Conservation Partnership",-20.373,115.33427,20150117,"11:58:00","Montebello","Fished",NA,28.4,"Matt","Yes","Yes",NA
"2015-01_Montebello.transect_stereoBRUVs","NCB622",2.90909090909091,1.13618180363404,0,0,0,100,0,0,0,0,45.4545454545455,0,0,54.5454545454545,0,"2015-01_Montebello.transect_stereoBRUVs.NCB622","Pilbara Marine Conservation Partnership",-20.372,115.33246,20150117,"12:01:00","Montebello","Fished",NA,41.2,"Matt","Yes","Yes",NA
"2015-01_Montebello.transect_stereoBRUVs","NCB623",1.88888888888889,0.900254139862666,0,0,0,100,55.5555555555556,0,0,0,0,0,0,44.4444444444444,0,"2015-01_Montebello.transect_stereoBRUVs.NCB623","Pilbara Marine Conservation Partnership",-20.363,115.31109,20150117,"12:09:00","Montebello","Fished",NA,31.5,"Katrina","Yes","Yes",NA
"2015-01_Montebello.transect_stereoBRUVs","NCB624",2,0,0,0,0,100,0,0,0,100,0,0,0,0,0,"2015-01_Montebello.transect_stereoBRUVs.NCB624","Pilbara Marine Conservation Partnership",-20.359,115.30805,20150117,"12:12:00","Montebello","Fished",NA,21.6,"Todd","Yes","Yes",NA
"2015-01_Montebello.transect_stereoBRUVs","NCB625",2.33333333333333,0.5,0,0,0,100,44.4444444444444,0,0,22.2222222222222,0,33.3333333333333,0,0,0,"2015-01_Montebello.transect_stereoBRUVs.NCB625","Pilbara Marine Conservation Partnership",-20.352,115.30709,20150117,"12:16:00","Montebello","Fished",NA,23.5,"Katrina","Yes","Yes",NA
"2015-01_Montebello.transect_stereoBRUVs","NCB626",2,0,0,0,0,100,100,0,0,0,0,0,0,0,0,"2015-01_Montebello.transect_stereoBRUVs.NCB626","Pilbara Marine Conservation Partnership",-20.346,115.30979,20150117,"14:12:00","Montebello","Fished",NA,29.2,"Katrina","Yes","Yes",NA
"2015-01_Montebello.transect_stereoBRUVs","NCB627",2.5,0.52704627669473,0,0,0,100,90,0,0,10,0,0,0,0,0,"2015-01_Montebello.transect_stereoBRUVs.NCB627","Pilbara Marine Conservation Partnership",-20.34,115.30847,20150117,"14:15:00","Montebello","Fished",NA,28.9,"Derek","Yes","No",NA
"2015-01_Montebello.transect_stereoBRUVs","NCB628",1.9,0.316227766016838,0,0,0,100,30,0,0,60,0,0,0,10,0,"2015-01_Montebello.transect_stereoBRUVs.NCB628","Pilbara Marine Conservation Partnership",-20.331,115.30622,20150117,"14:19:00","Montebello","Fished",NA,25.4,"Katrina","Yes","Yes",NA
"2015-01_Montebello.transect_stereoBRUVs","NCB629",2,0,0,0,0,100,100,0,0,0,0,0,0,0,0,"2015-01_Montebello.transect_stereoBRUVs.NCB629","Pilbara Marine Conservation Partnership",-20.322,115.30126,20150117,"14:24:00","Montebello","Fished",NA,26.3,"Emma","Yes","Yes",NA
"2015-01_Montebello.transect_stereoBRUVs","NCB630",0,0,0,0,0,100,0,0,0,0,0,0,0,100,0,"2015-01_Montebello.transect_stereoBRUVs.NCB630","Pilbara Marine Conservation Partnership",-20.318,115.29277,20150117,"14:29:00","Montebello","Fished",NA,49.2,"Emma","Yes","Yes",NA
"2015-01_Montebello.transect_stereoBRUVs","NCB631",0,0,0,0,0,100,0,0,0,0,0,0,0,100,0,"2015-01_Montebello.transect_stereoBRUVs.NCB631","Pilbara Marine Conservation Partnership",-20.314,115.28227,20150117,"14:34:00","Montebello","Fished",NA,53,"Emma","Yes","Yes",NA
"2015-01_Montebello.transect_stereoBRUVs","NCB632",0,0,0,0,0,100,0,0,0,0,0,0,0,100,0,"2015-01_Montebello.transect_stereoBRUVs.NCB632","Pilbara Marine Conservation Partnership",-20.31,115.26797,20150117,"14:40:00","Montebello","Fished",NA,57.4,"Emma","Yes","Yes",NA
"2015-01_Montebello.transect_stereoBRUVs","NCB633",0,0,0,0,0,100,0,0,0,0,0,0,0,100,0,"2015-01_Montebello.transect_stereoBRUVs.NCB633","Pilbara Marine Conservation Partnership",-20.305,115.24854,20150117,"14:47:00","Montebello","Fished",NA,57,"Emma","Yes","Yes",NA
"2015-01_Montebello.transect_stereoBRUVs","NCB634",4,NA,0,0,0,100,100,0,0,0,0,0,0,0,0,"2015-01_Montebello.transect_stereoBRUVs.NCB634","Pilbara Marine Conservation Partnership",-20.298,115.2249,20150117,"14:56:00","Montebello","Fished",NA,37,"Emma","Yes","Yes",NA
"2015-01_Montebello.transect_stereoBRUVs","NCB635",2.1,0.316227766016838,0,0,0,100,80,0,0,20,0,0,0,0,0,"2015-01_Montebello.transect_stereoBRUVs.NCB635","Pilbara Marine Conservation Partnership",-20.295,115.22048,20150117,"15:00:00","Montebello","Fished",NA,40.1,"Emma","Yes","Yes",NA
"2015-01_Montebello.transect_stereoBRUVs","NCB636",0,0,0,0,0,100,0,0,0,0,0,0,0,100,0,"2015-01_Montebello.transect_stereoBRUVs.NCB636","Pilbara Marine Conservation Partnership",-20.359,115.46138,20150118,"8:54:00","N.Montebello.Sanctuary","No-take",NA,23.6,"Katrina","Yes","Yes",NA
"2015-01_Montebello.transect_stereoBRUVs","NCB637",0,0,0,0,0,100,0,0,0,0,0,0,0,100,0,"2015-01_Montebello.transect_stereoBRUVs.NCB637","Pilbara Marine Conservation Partnership",-20.352,115.46682,20150118,"8:58:00","N.Montebello.Sanctuary","No-take",NA,29.4,"Katrina","Yes","Yes",NA
"2015-01_Montebello.transect_stereoBRUVs","NCB638",1,0,0,0,0,100,0,0,0,0,0,0,0,100,0,"2015-01_Montebello.transect_stereoBRUVs.NCB638","Pilbara Marine Conservation Partnership",-20.347,115.47483,20150118,"9:01:00","N.Montebello.Sanctuary","No-take",NA,32.5,"Katrina","Yes","Yes",NA
"2015-01_Montebello.transect_stereoBRUVs","NCB639",1.8,0.421637021355784,0,0,0,100,10,0,0,70,0,0,0,20,0,"2015-01_Montebello.transect_stereoBRUVs.NCB639","Pilbara Marine Conservation Partnership",-20.335,115.47058,20150118,"9:07:00","N.Montebello.Sanctuary","Fished",NA,36.3,"Todd","Yes","Yes",NA
"2015-01_Montebello.transect_stereoBRUVs","NCB640",1.8,0.632455532033676,0,0,0,100,0,50,0,0,10,0,0,40,0,"2015-01_Montebello.transect_stereoBRUVs.NCB640","Pilbara Marine Conservation Partnership",-20.327,115.4639,20150118,"9:11:00","N.Montebello.Sanctuary","Fished",NA,42.1,"Todd","Yes","Yes",NA
"2015-01_Montebello.transect_stereoBRUVs","NCB641",1.81818181818182,0.603022689155527,0,0,0,100,0,0,0,0,0,9.09090909090909,0,90.9090909090909,0,"2015-01_Montebello.transect_stereoBRUVs.NCB641","Pilbara Marine Conservation Partnership",-20.323,115.45317,20150118,"9:16:00","Montebello","Fished",NA,40.2,"Todd","Yes","Yes",NA
"2015-01_Montebello.transect_stereoBRUVs","NCB642",2.2,0.447213595499958,0,0,0,100,0,0,0,40,0,0,20,40,0,"2015-01_Montebello.transect_stereoBRUVs.NCB642","Pilbara Marine Conservation Partnership",-20.313,115.45093,20150118,"9:21:00","Montebello","Fished",NA,37,"Todd","Yes","Yes",NA
"2015-01_Montebello.transect_stereoBRUVs","NCB643",1.5,0.707106781186548,0,0,0,100,0,20,0,0,20,0,0,60,0,"2015-01_Montebello.transect_stereoBRUVs.NCB643","Pilbara Marine Conservation Partnership",-20.304,115.44852,20150118,"9:25:00","Montebello","Fished",NA,41.7,"Todd","Yes","Yes",NA
"2015-01_Montebello.transect_stereoBRUVs","NCB644",2,0,0,0,0,100,0,0,0,0,100,0,0,0,0,"2015-01_Montebello.transect_stereoBRUVs.NCB644","Pilbara Marine Conservation Partnership",-20.297,115.44248,20150118,"9:28:00","Montebello","Fished",NA,37.5,"Todd","Yes","Yes",NA
"2015-01_Montebello.transect_stereoBRUVs","NCB645",1,0,0,0,0,100,0,0,0,0,0,0,0,100,0,"2015-01_Montebello.transect_stereoBRUVs.NCB645","Pilbara Marine Conservation Partnership",-20.287,115.43472,20150118,"9:36:00","Montebello","Fished",NA,41.5,"Todd","Yes","Yes",NA
"2015-01_Montebello.transect_stereoBRUVs","NCB646",1.55555555555556,0.52704627669473,0,0,5,95,0,0,0,0,0,33.3333333333333,0,66.6666666666667,0,"2015-01_Montebello.transect_stereoBRUVs.NCB646","Pilbara Marine Conservation Partnership",-20.293,115.46864,20150118,"11:40:00","Montebello","Fished",NA,37.9,"Todd","Yes","Yes",NA
"2015-01_Montebello.transect_stereoBRUVs","NCB647",2.5,0.52704627669473,0,0,0,100,0,20,0,20,30,30,0,0,0,"2015-01_Montebello.transect_stereoBRUVs.NCB647","Pilbara Marine Conservation Partnership",-20.286,115.47399,20150118,"11:45:00","Montebello","Fished",NA,35.1,"Todd","Yes","Yes",NA
"2015-01_Montebello.transect_stereoBRUVs","NCB648",1.90909090909091,0.700649049745371,0,0,0,100,0,45.4545454545455,0,0,9.09090909090909,0,0,45.4545454545455,0,"2015-01_Montebello.transect_stereoBRUVs.NCB648","Pilbara Marine Conservation Partnership",-20.275,115.47544,20150118,"11:48:00","Montebello","Fished",NA,36.9,"Todd","Yes","Yes",NA
"2015-01_Montebello.transect_stereoBRUVs","NCB649",1.83333333333333,0.752772652709081,0,0,0,100,0,50,0,0,0,0,0,33.3333333333333,16.6666666666667,"2015-01_Montebello.transect_stereoBRUVs.NCB649","Pilbara Marine Conservation Partnership",-20.264,115.47558,20150118,"11:54:00","Montebello","Fished",NA,42.4,"Katrina","Yes","Yes",NA
"2015-01_Montebello.transect_stereoBRUVs","NCB650",1.66666666666667,0.5,0,0,0,100,33.3333333333333,11.1111111111111,0,0,22.2222222222222,33.3333333333333,0,0,0,"2015-01_Montebello.transect_stereoBRUVs.NCB650","Pilbara Marine Conservation Partnership",-20.255,115.46988,20150118,"11:57:00","Montebello","Fished",NA,40.8,"Katrina","Yes","Yes",NA
"2015-01_Montebello.transect_stereoBRUVs","NCB651",0.8,0.632455532033676,0,0,0,100,0,0,0,10,10,0,0,80,0,"2015-01_Montebello.transect_stereoBRUVs.NCB651","Pilbara Marine Conservation Partnership",-20.249,115.46059,20150118,"12:01:00","Montebello","Fished",NA,40.8,"Katrina","Yes","Yes",NA
"2015-01_Montebello.transect_stereoBRUVs","NCB652",2.4,0.699205898780101,0,0,0,100,0,10,0,0,60,0,0,30,0,"2015-01_Montebello.transect_stereoBRUVs.NCB652","Pilbara Marine Conservation Partnership",-20.244,115.452,20150118,"12:06:00","Montebello","Fished",NA,42.4,"Katrina","Yes","Yes",NA
"2015-01_Montebello.transect_stereoBRUVs","NCB653",0,0,0,0,0,100,0,0,0,0,0,0,0,100,0,"2015-01_Montebello.transect_stereoBRUVs.NCB653","Pilbara Marine Conservation Partnership",-20.238,115.44558,20150118,"12:11:00","Montebello","Fished",NA,41.1,"Katrina","Yes","Yes",NA
"2015-01_Montebello.transect_stereoBRUVs","NCB654",1.27272727272727,0.646669790682863,0,0,0,100,9.09090909090909,0,0,0,18.1818181818182,0,0,72.7272727272727,0,"2015-01_Montebello.transect_stereoBRUVs.NCB654","Pilbara Marine Conservation Partnership",-20.23,115.44186,20150118,"12:15:00","Montebello","Fished",NA,44.6,"Katrina","Yes","Yes",NA
"2015-01_Montebello.transect_stereoBRUVs","NCB655",2.71428571428571,0.487950036474267,0,0,0,100,0,0,0,0,85.7142857142857,14.2857142857143,0,0,0,"2015-01_Montebello.transect_stereoBRUVs.NCB655","Pilbara Marine Conservation Partnership",-20.216,115.43804,20150118,"12:21:00","Montebello","Fished",NA,39.5,"Katrina","Yes","Yes",NA
"2015-01_Montebello.transect_stereoBRUVs","NCB656",1.41666666666667,0.514928650544437,0,0,0,100,0,0,0,91.6666666666667,8.33333333333333,0,0,0,0,"2015-01_Montebello.transect_stereoBRUVs.NCB656","Pilbara Marine Conservation Partnership",-20.212,115.41182,20150118,"14:29:00","Montebello","Fished",NA,45.6,"Katrina","Yes","Yes",NA
"2015-01_Montebello.transect_stereoBRUVs","NCB657",2.5,1.17851130197758,0,0,0,100,0,0,0,0,0,40,0,60,0,"2015-01_Montebello.transect_stereoBRUVs.NCB657","Pilbara Marine Conservation Partnership",-20.211,115.40549,20150118,"14:32:00","Montebello","Fished",NA,34.6,"Todd","Yes","Yes",NA
"2015-01_Montebello.transect_stereoBRUVs","NCB658",1,0,0,0,0,100,0,0,0,0,0,0,0,100,0,"2015-01_Montebello.transect_stereoBRUVs.NCB658","Pilbara Marine Conservation Partnership",-20.209,115.4014,20150118,"14:34:00","Montebello","Fished",NA,43.8,"Todd","Yes","Yes",NA
"2015-01_Montebello.transect_stereoBRUVs","NCB659",2,0.5,0,0,0,100,0,0,0,22.2222222222222,11.1111111111111,11.1111111111111,0,44.4444444444444,11.1111111111111,"2015-01_Montebello.transect_stereoBRUVs.NCB659","Pilbara Marine Conservation Partnership",-20.2,115.4004,20150118,"14:39:00","Montebello","Fished",NA,41.4,"Todd","Yes","Yes",NA
"2015-01_Montebello.transect_stereoBRUVs","NCB660",2.7,0.483045891539648,0,0,0,100,0,0,0,0,60,20,0,20,0,"2015-01_Montebello.transect_stereoBRUVs.NCB660","Pilbara Marine Conservation Partnership",-20.19,115.40096,20150118,"14:42:00","Montebello","Fished",NA,44.4,"Todd","Yes","Yes",NA
"2015-01_Montebello.transect_stereoBRUVs","NCB661",2.4,0.699205898780101,0,0,0,100,0,0,0,0,20,60,0,20,0,"2015-01_Montebello.transect_stereoBRUVs.NCB661","Pilbara Marine Conservation Partnership",-20.181,115.40126,20150118,"14:46:00","Montebello","Fished",NA,45.8,"Todd","Yes","Yes",NA
"2015-01_Montebello.transect_stereoBRUVs","NCB662",1.8,0.421637021355784,0,0,0,100,0,11.1111111111111,0,0,33.3333333333333,11.1111111111111,0,44.4444444444444,0,"2015-01_Montebello.transect_stereoBRUVs.NCB662","Pilbara Marine Conservation Partnership",-20.173,115.39799,20150118,"14:50:00","Montebello","Fished",NA,55.6,"Todd","Yes","Yes",NA
"2015-01_Montebello.transect_stereoBRUVs","NCB663",1.33333333333333,1.15470053837925,0,0,0,100,0,16.6666666666667,0,0,16.6666666666667,0,0,66.6666666666667,0,"2015-01_Montebello.transect_stereoBRUVs.NCB663","Pilbara Marine Conservation Partnership",-20.164,115.39062,20150118,"14:55:00","Montebello","Fished",NA,64,"Todd","Yes","No",NA
"2015-01_Montebello.transect_stereoBRUVs","NCB664",0.666666666666667,0.5,0,0,0,100,11.1111111111111,0,0,0,0,0,0,88.8888888888889,0,"2015-01_Montebello.transect_stereoBRUVs.NCB664","Pilbara Marine Conservation Partnership",-20.159,115.38199,20150118,"15:00:00","Montebello","Fished",NA,56.5,"Todd","Yes","Yes",NA
"2015-01_Montebello.transect_stereoBRUVs","NCB665",3,0,0,0,0,100,0,0,0,0,80,20,0,0,0,"2015-01_Montebello.transect_stereoBRUVs.NCB665","Pilbara Marine Conservation Partnership",-20.151,115.37592,20150118,"15:04:00","Montebello","Fished",NA,52.5,"Todd","Yes","Yes",NA
"2015-01_Montebello.transect_stereoBRUVs","NCB666",2.8,0.918936583472681,0,0,0,100,0,0,0,0,60,30,0,10,0,"2015-01_Montebello.transect_stereoBRUVs.NCB666","Pilbara Marine Conservation Partnership",-20.388,115.58931,20150119,"8:16:00","Montebello","Fished",NA,39,"Matt","Yes","Yes",NA
"2015-01_Montebello.transect_stereoBRUVs","NCB667",1.5,0.836660026534076,0,0,0,100,0,0,0,0,16.6666666666667,16.6666666666667,0,66.6666666666667,0,"2015-01_Montebello.transect_stereoBRUVs.NCB667","Pilbara Marine Conservation Partnership",-20.382,115.59217,20150119,"8:21:00","Montebello","Fished",NA,40.8,"Matt","Yes","Yes",NA
"2015-01_Montebello.transect_stereoBRUVs","NCB668",1,0,0,0,0,100,100,0,0,0,0,0,0,0,0,"2015-01_Montebello.transect_stereoBRUVs.NCB668","Pilbara Marine Conservation Partnership",-20.374,115.59672,20150119,"8:25:00","Montebello","Fished",NA,43.8,"Matt","Yes","Yes",NA
"2015-01_Montebello.transect_stereoBRUVs","NCB669",1,0,0,0,0,100,80,20,0,0,0,0,0,0,0,"2015-01_Montebello.transect_stereoBRUVs.NCB669","Pilbara Marine Conservation Partnership",-20.367,115.60213,20150119,"8:29:00","Montebello","Fished",NA,43.5,"Matt","Yes","Yes",NA
"2015-01_Montebello.transect_stereoBRUVs","NCB670",0.75,0.707106781186548,0,0,0,100,0,0,0,12.5,0,0,0,87.5,0,"2015-01_Montebello.transect_stereoBRUVs.NCB670","Pilbara Marine Conservation Partnership",-20.361,115.60673,20150119,"8:36:00","Montebello","Fished",NA,41.8,"Matt","Yes","Yes",NA
"2015-01_Montebello.transect_stereoBRUVs","NCB671",2.27272727272727,0.904534033733291,0,0,0,100,0,0,0,36.3636363636364,36.3636363636364,9.09090909090909,0,18.1818181818182,0,"2015-01_Montebello.transect_stereoBRUVs.NCB671","Pilbara Marine Conservation Partnership",-20.353,115.61344,20150119,"8:41:00","Montebello","Fished",NA,50.2,"Matt","Yes","Yes",NA
"2015-01_Montebello.transect_stereoBRUVs","NCB672",1,0,0,0,0,100,0,0,0,0,0,0,0,100,0,"2015-01_Montebello.transect_stereoBRUVs.NCB672","Pilbara Marine Conservation Partnership",-20.346,115.61931,20150119,"8:56:00","Montebello","Fished",NA,51.5,"Matt","Yes","Yes",NA
"2015-01_Montebello.transect_stereoBRUVs","NCB673",1.3,0.674948557710553,0,0,0,100,0,0,0,0,20,0,0,80,0,"2015-01_Montebello.transect_stereoBRUVs.NCB673","Pilbara Marine Conservation Partnership",-20.338,115.62629,20150119,"9:00:00","Montebello","Fished",NA,51.4,"Todd","Yes","No",NA
"2015-01_Montebello.transect_stereoBRUVs","NCB674",1.6,1.51657508881031,0,0,0,100,0,0,0,0,40,0,0,40,20,"2015-01_Montebello.transect_stereoBRUVs.NCB674","Pilbara Marine Conservation Partnership",-20.332,115.63252,20150119,"9:04:00","Montebello","Fished",NA,52.3,"Matt","Yes","Yes",NA
"2015-01_Montebello.transect_stereoBRUVs","NCB675",0.7,0.483045891539648,0,0,0,100,0,0,0,0,0,0,0,100,0,"2015-01_Montebello.transect_stereoBRUVs.NCB675","Pilbara Marine Conservation Partnership",-20.324,115.63919,20150119,"9:09:00","Montebello","Fished",NA,52.5,"Matt","Yes","No",NA
"2015-01_Montebello.transect_stereoBRUVs","NCB676",3.25,0.5,0,0,10,90,0,0,0,0,25,0,75,0,0,"2015-01_Montebello.transect_stereoBRUVs.NCB676","Pilbara Marine Conservation Partnership",-20.356,115.54955,20150119,"11:45:00","Montebello","Fished",NA,11.4,"Becca","Yes","Yes",NA
"2015-01_Montebello.transect_stereoBRUVs","NCB677",1.2,0.421637021355784,0,0,0,100,0,0,0,0,0,0,0,100,0,"2015-01_Montebello.transect_stereoBRUVs.NCB677","Pilbara Marine Conservation Partnership",-20.352,115.55063,20150119,"11:47:00","Montebello","Fished",NA,35,"Matt","Yes","Yes",NA
"2015-01_Montebello.transect_stereoBRUVs","NCB678",2.57142857142857,0.534522483824849,0,0,0,100,0,0,0,42.8571428571429,42.8571428571429,14.2857142857143,0,0,0,"2015-01_Montebello.transect_stereoBRUVs.NCB678","Pilbara Marine Conservation Partnership",-20.349,115.54716,20150119,"11:49:00","N.Montebello.Sanctuary","No-take",NA,31.2,"Matt","Yes","Yes",NA
"2015-01_Montebello.transect_stereoBRUVs","NCB679",2.6,0.516397779494322,0,0,0,100,0,0,0,40,50,10,0,0,0,"2015-01_Montebello.transect_stereoBRUVs.NCB679","Pilbara Marine Conservation Partnership",-20.346,115.54161,20150119,"11:53:00","N.Montebello.Sanctuary","No-take",NA,27,"Derek","Yes","No",NA
"2015-01_Montebello.transect_stereoBRUVs","NCB680",2.4,0.843274042711568,0,0,0,100,0,30,0,20,30,10,0,10,0,"2015-01_Montebello.transect_stereoBRUVs.NCB680","Pilbara Marine Conservation Partnership",-20.342,115.53515,20150119,"11:56:00","N.Montebello.Sanctuary","No-take",NA,30.3,"Derek","Yes","Yes",NA
"2015-01_Montebello.transect_stereoBRUVs","NCB681",1.5,0.577350269189626,0,0,0,100,0,50,0,50,0,0,0,0,0,"2015-01_Montebello.transect_stereoBRUVs.NCB681","Pilbara Marine Conservation Partnership",-20.338,115.52941,20150119,"11:59:00","N.Montebello.Sanctuary","No-take",NA,36.3,"Derek","Yes","Yes",NA
"2015-01_Montebello.transect_stereoBRUVs","NCB682",2,0.960768922830523,0,0,0,100,0,0,0,7.14285714285714,0,0,0,50,42.8571428571429,"2015-01_Montebello.transect_stereoBRUVs.NCB682","Pilbara Marine Conservation Partnership",-20.332,115.52544,20150119,"12:02:00","N.Montebello.Sanctuary","No-take",NA,37.7,"Derek","Yes","Yes",NA
"2015-01_Montebello.transect_stereoBRUVs","NCB683",1.1,0.316227766016838,0,0,0,100,0,0,0,0,0,10,0,90,0,"2015-01_Montebello.transect_stereoBRUVs.NCB683","Pilbara Marine Conservation Partnership",-20.324,115.52499,20150119,"12:05:00","N.Montebello.Sanctuary","No-take",NA,45.9,"Derek","Yes","Yes",NA
"2015-01_Montebello.transect_stereoBRUVs","NCB684",1,0,0,0,0,100,0,0,0,0,0,0,0,100,0,"2015-01_Montebello.transect_stereoBRUVs.NCB684","Pilbara Marine Conservation Partnership",-20.317,115.52503,20150119,"12:07:00","N.Montebello.Sanctuary","No-take",NA,38.8,"Derek","Yes","Yes",NA
"2015-01_Montebello.transect_stereoBRUVs","NCB685",2.8,0.447213595499958,0,0,0,100,0,80,0,0,0,20,0,0,0,"2015-01_Montebello.transect_stereoBRUVs.NCB685","Pilbara Marine Conservation Partnership",-20.311,115.52425,20150119,"12:10:00","Montebello","Fished",NA,41.3,"Derek","Yes","Yes",NA
"2015-01_Montebello.transect_stereoBRUVs","NCB686",1.11111111111111,0.333333333333333,0,0,0,100,0,0,0,0,0,0,0,100,0,"2015-01_Montebello.transect_stereoBRUVs.NCB686","Pilbara Marine Conservation Partnership",-20.327,115.61157,20150119,"15:01:00","Montebello","Fished",NA,52.5,"Derek","Yes","Yes",NA
"2015-01_Montebello.transect_stereoBRUVs","NCB687",1.57142857142857,0.975900072948533,0,0,0,100,0,28.5714285714286,0,0,0,0,0,71.4285714285714,0,"2015-01_Montebello.transect_stereoBRUVs.NCB687","Pilbara Marine Conservation Partnership",-20.32,115.61669,20150119,"15:04:00","Montebello","Fished",NA,52.5,"Matt","Yes","No",NA
"2015-01_Montebello.transect_stereoBRUVs","NCB688",0,0,0,0,0,100,0,0,0,0,0,0,0,100,0,"2015-01_Montebello.transect_stereoBRUVs.NCB688","Pilbara Marine Conservation Partnership",-20.312,115.62166,20150119,"15:08:00","Montebello","Fished",NA,52.1,"Derek","Yes","Yes",NA
"2015-01_Montebello.transect_stereoBRUVs","NCB689",0.8,0.836660026534076,0,0,0,100,0,0,0,0,0,20,0,80,0,"2015-01_Montebello.transect_stereoBRUVs.NCB689","Pilbara Marine Conservation Partnership",-20.305,115.62764,20150119,"15:12:00","Montebello","Fished",NA,52.7,"Derek","Yes","Yes",NA
"2015-01_Montebello.transect_stereoBRUVs","NCB690",0.5,0.577350269189626,0,0,5,95,0,0,0,0,0,0,0,100,0,"2015-01_Montebello.transect_stereoBRUVs.NCB690","Pilbara Marine Conservation Partnership",-20.297,115.63322,20150119,"15:15:00","Montebello","Fished",NA,52.7,"Derek","Yes","No",NA
"2015-01_Montebello.transect_stereoBRUVs","NCB691",0.6,0.516397779494322,0,0,0,100,0,0,0,0,0,0,0,40,60,"2015-01_Montebello.transect_stereoBRUVs.NCB691","Pilbara Marine Conservation Partnership",-20.29,115.63811,20150119,"15:18:00","Montebello","Fished",NA,54.2,"Todd","Yes","Yes",NA
"2015-01_Montebello.transect_stereoBRUVs","NCB692",0.7,0.483045891539648,0,0,0,100,0,0,0,0,0,0,0,30,70,"2015-01_Montebello.transect_stereoBRUVs.NCB692","Pilbara Marine Conservation Partnership",-20.284,115.64255,20150119,"15:22:00","Montebello","Fished",NA,54.5,"Todd","Yes","No",NA
"2015-01_Montebello.transect_stereoBRUVs","NCB693",1,0,0,0,0,100,0,0,0,0,0,0,0,100,0,"2015-01_Montebello.transect_stereoBRUVs.NCB693","Pilbara Marine Conservation Partnership",-20.278,115.64707,20150119,"15:25:00","Montebello","Fished",NA,54.7,"Todd","Yes","No",NA
"2015-01_Montebello.transect_stereoBRUVs","NCB694",0,0,0,0,0,100,0,0,0,0,0,0,0,100,0,"2015-01_Montebello.transect_stereoBRUVs.NCB694","Pilbara Marine Conservation Partnership",-20.271,115.65237,20150119,"15:28:00","Montebello","Fished",NA,56.6,"Matt","Yes","Yes",NA
"2015-01_Montebello.transect_stereoBRUVs","NCB695",0,0,0,0,0,100,0,0,0,0,0,0,0,100,0,"2015-01_Montebello.transect_stereoBRUVs.NCB695","Pilbara Marine Conservation Partnership",-20.264,115.65745,20150119,"15:32:00","Montebello","Fished",NA,56.9,"Matt","Yes","Yes",NA
"2015-01_Montebello.transect_stereoBRUVs","NCB696",0.4,0.516397779494322,0,0,0,100,0,0,0,0,0,0,0,100,0,"2015-01_Montebello.transect_stereoBRUVs.NCB696","Pilbara Marine Conservation Partnership",-20.455,115.45607,20150120,"13:06:00","S.Montebello.Sanctuary","No-take",NA,30.3,"Katrina","Yes","Yes",NA
"2015-01_Montebello.transect_stereoBRUVs","NCB697",0,0,0,0,0,100,0,0,0,0,0,0,0,100,0,"2015-01_Montebello.transect_stereoBRUVs.NCB697","Pilbara Marine Conservation Partnership",-20.454,115.44602,20150120,"13:11:00","S.Montebello.Sanctuary","No-take",NA,33,"Katrina","Yes","Yes",NA
"2015-01_Montebello.transect_stereoBRUVs","NCB698",0,0,0,0,0,100,0,0,0,0,0,0,0,100,0,"2015-01_Montebello.transect_stereoBRUVs.NCB698","Pilbara Marine Conservation Partnership",-20.454,115.43468,20150120,"13:15:00","Montebello","Fished",NA,35.6,"Katrina","Yes","Yes",NA
"2015-01_Montebello.transect_stereoBRUVs","NCB699",0,0,0,0,0,100,0,0,0,0,0,0,0,100,0,"2015-01_Montebello.transect_stereoBRUVs.NCB699","Pilbara Marine Conservation Partnership",-20.453,115.42262,20150120,"13:20:00","Montebello","Fished",NA,37.1,"Katrina","Yes","Yes",NA
"2015-01_Montebello.transect_stereoBRUVs","NCB700",0,0,0,0,0,100,0,0,0,0,0,0,0,100,0,"2015-01_Montebello.transect_stereoBRUVs.NCB700","Pilbara Marine Conservation Partnership",-20.453,115.41094,20150120,"13:24:00","Montebello","Fished",NA,37.9,"Katrina","Yes","Yes",NA
"2015-01_Montebello.transect_stereoBRUVs","NCB701",0,0,0,0,0,100,0,0,0,0,0,0,0,100,0,"2015-01_Montebello.transect_stereoBRUVs.NCB701","Pilbara Marine Conservation Partnership",-20.452,115.39525,20150120,"13:30:00","Montebello","Fished",NA,39.2,"Katrina","Yes","Yes",NA
"2015-01_Montebello.transect_stereoBRUVs","NCB702",0,0,0,0,0,100,0,0,0,0,0,0,0,100,0,"2015-01_Montebello.transect_stereoBRUVs.NCB702","Pilbara Marine Conservation Partnership",-20.452,115.37684,20150120,"13:36:00","Montebello","Fished",NA,40.5,"Katrina","Yes","Yes",NA
"2015-01_Montebello.transect_stereoBRUVs","NCB703",0,0,0,0,0,100,0,0,0,0,0,0,0,100,0,"2015-01_Montebello.transect_stereoBRUVs.NCB703","Pilbara Marine Conservation Partnership",-20.452,115.35879,20150120,"13:44:00","Montebello","Fished",NA,41.6,"Katrina","Yes","Yes",NA
"2015-01_Montebello.transect_stereoBRUVs","NCB704",1.33333333333333,0.577350269189626,0,0,0,100,0,0,0,0,0,0,0,0,0,"2015-01_Montebello.transect_stereoBRUVs.NCB704","Pilbara Marine Conservation Partnership",-20.452,115.33738,20150120,"13:52:00","Montebello","Fished",NA,27.7,"Katrina","Yes","Yes",NA
"2015-01_Montebello.transect_stereoBRUVs","NCB705",1.14285714285714,0.377964473009227,0,0,0,100,0,0,0,71.4285714285714,0,0,0,28.5714285714286,0,"2015-01_Montebello.transect_stereoBRUVs.NCB705","Pilbara Marine Conservation Partnership",-20.453,115.33355,20150120,"13:54:00","Montebello","Fished",NA,31.8,"Katrina","Yes","Yes",NA
"2015-01_Montebello.transect_stereoBRUVs","NCB706",2.4,1.34989711542111,0,0,10,90,30,0,0,0,0,60,0,10,0,"2015-01_Montebello.transect_stereoBRUVs.NCB706","Pilbara Marine Conservation Partnership",-20.257,115.37386,20150121,"8:44:00","Montebello","Fished",NA,42.6,"Katrina","Yes","Yes",NA
"2015-01_Montebello.transect_stereoBRUVs","NCB707",3,0.707106781186548,0,0,0,100,0,0,0,0,60,40,0,0,0,"2015-01_Montebello.transect_stereoBRUVs.NCB707","Pilbara Marine Conservation Partnership",-20.256,115.36375,20150121,"8:48:00","Montebello","Fished",NA,41.3,"Katrina","Yes","Yes",NA
"2015-01_Montebello.transect_stereoBRUVs","NCB708",1,0,0,0,0,100,100,0,0,0,0,0,0,0,0,"2015-01_Montebello.transect_stereoBRUVs.NCB708","Pilbara Marine Conservation Partnership",-20.248,115.35784,20150121,"8:53:00","Montebello","Fished",NA,50.4,"Katrina","Yes","Yes",NA
"2015-01_Montebello.transect_stereoBRUVs","NCB709",2,0,0,0,0,100,0,0,0,0,100,0,0,0,0,"2015-01_Montebello.transect_stereoBRUVs.NCB709","Pilbara Marine Conservation Partnership",-20.242,115.35425,20150121,"8:56:00","Montebello","Fished",NA,25.4,"Katrina","Yes","Yes",NA
"2015-01_Montebello.transect_stereoBRUVs","NCB710",2,0,0,0,0,100,0,0,0,60,20,0,0,0,20,"2015-01_Montebello.transect_stereoBRUVs.NCB710","Pilbara Marine Conservation Partnership",-20.235,115.35024,20150121,"9:01:00","Montebello","Fished",NA,23.1,"Katrina","Yes","No",NA
"2015-01_Montebello.transect_stereoBRUVs","NCB711",2.8,0.836660026534076,0,0,0,100,0,0,0,60,0,0,40,0,0,"2015-01_Montebello.transect_stereoBRUVs.NCB711","Pilbara Marine Conservation Partnership",-20.227,115.35444,20150121,"9:05:00","Montebello","Fished",NA,19.9,"Katrina","Yes","Yes",NA
"2015-01_Montebello.transect_stereoBRUVs","NCB712",2.1,0.994428926011753,0,0,0,100,0,10,0,0,30,20,0,40,0,"2015-01_Montebello.transect_stereoBRUVs.NCB712","Pilbara Marine Conservation Partnership",-20.219,115.35737,20150121,"9:09:00","Montebello","Fished",NA,48,"Katrina","Yes","Yes",NA
"2015-01_Montebello.transect_stereoBRUVs","NCB713",2.66666666666667,0.5,0,0,5,95,0,0,0,0,44.4444444444444,33.3333333333333,0,22.2222222222222,0,"2015-01_Montebello.transect_stereoBRUVs.NCB713","Pilbara Marine Conservation Partnership",-20.211,115.35904,20150121,"9:13:00","Montebello","Fished",NA,43,"Katrina","Yes","Yes",NA
"2015-01_Montebello.transect_stereoBRUVs","NCB714",2.6,1.34989711542111,0,0,20,80,0,0,0,30,10,50,0,10,0,"2015-01_Montebello.transect_stereoBRUVs.NCB714","Pilbara Marine Conservation Partnership",-20.202,115.36106,20150121,"9:17:00","Montebello","Fished",NA,39.5,"Katrina","Yes","No",NA
"2015-01_Montebello.transect_stereoBRUVs","NCB715",1.5,0.52704627669473,0,0,0,100,0,0,0,0,0,0,0,100,0,"2015-01_Montebello.transect_stereoBRUVs.NCB715","Pilbara Marine Conservation Partnership",-20.194,115.36173,20150121,"9:22:00","Montebello","Fished",NA,52.2,"Katrina","Yes","Yes",NA
"2015-01_Montebello.transect_stereoBRUVs","NCB716",1.81818181818182,1.07871977994119,0,0,0,100,0,0,0,9.09090909090909,0,27.2727272727273,0,63.6363636363636,0,"2015-01_Montebello.transect_stereoBRUVs.NCB716","Pilbara Marine Conservation Partnership",-20.247,115.33094,20150121,"11:26:00","Montebello","Fished",NA,41.3,"Katrina","Yes","Yes",NA
"2015-01_Montebello.transect_stereoBRUVs","NCB717",1,0,0,0,0,100,0,0,0,0,0,0,0,100,0,"2015-01_Montebello.transect_stereoBRUVs.NCB717","Pilbara Marine Conservation Partnership",-20.239,115.33223,20150121,"11:30:00","Montebello","Fished",NA,41.6,"Katrina","Yes","Yes",NA
"2015-01_Montebello.transect_stereoBRUVs","NCB718",1,0,0,0,0,100,0,0,0,0,0,0,0,100,0,"2015-01_Montebello.transect_stereoBRUVs.NCB718","Pilbara Marine Conservation Partnership",-20.233,115.33335,20150121,"11:33:00","Montebello","Fished",NA,41.1,"Todd","Yes","Yes",NA
"2015-01_Montebello.transect_stereoBRUVs","NCB719",1,0,0,0,0,100,0,0,0,0,0,0,0,100,0,"2015-01_Montebello.transect_stereoBRUVs.NCB719","Pilbara Marine Conservation Partnership",-20.225,115.33253,20150121,"11:36:00","Montebello","Fished",NA,51.5,"Todd","Yes","Yes",NA
"2015-01_Montebello.transect_stereoBRUVs","NCB720",2.16666666666667,0.834847109936722,0,0,0,100,0,0,0,0,16.6666666666667,58.3333333333333,0,25,0,"2015-01_Montebello.transect_stereoBRUVs.NCB720","Pilbara Marine Conservation Partnership",-20.216,115.33145,20150121,"11:40:00","Montebello","Fished",NA,42.5,"Todd","Yes","Yes",NA
"2015-01_Montebello.transect_stereoBRUVs","NCB721",1.46153846153846,0.518874521662771,0,0,0,100,0,0,0,0,15.3846153846154,23.0769230769231,0,61.5384615384615,0,"2015-01_Montebello.transect_stereoBRUVs.NCB721","Pilbara Marine Conservation Partnership",-20.207,115.33126,20150121,"11:45:00","Montebello","Fished",NA,53.3,"Todd","Yes","Yes",NA
"2015-01_Montebello.transect_stereoBRUVs","NCB722",1.6,0.516397779494322,0,0,0,100,0,0,0,0,50,0,0,50,0,"2015-01_Montebello.transect_stereoBRUVs.NCB722","Pilbara Marine Conservation Partnership",-20.199,115.33322,20150121,"11:48:00","Montebello","Fished",NA,52.7,"Todd","Yes","Yes",NA
"2015-01_Montebello.transect_stereoBRUVs","NCB723",1.1,0.316227766016838,0,0,0,100,0,0,0,0,0,0,0,100,0,"2015-01_Montebello.transect_stereoBRUVs.NCB723","Pilbara Marine Conservation Partnership",-20.191,115.33459,20150121,"11:53:00","Montebello","Fished",NA,55.3,"Todd","Yes","Yes",NA
"2015-01_Montebello.transect_stereoBRUVs","NCB724",2.2,1.03279555898864,0,0,0,100,20,0,0,0,50,10,0,20,0,"2015-01_Montebello.transect_stereoBRUVs.NCB724","Pilbara Marine Conservation Partnership",-20.182,115.33233,20150121,"11:55:00","Montebello","Fished",NA,57.4,"Todd","Yes","Yes",NA
"2015-01_Montebello.transect_stereoBRUVs","NCB725",1.72727272727273,0.904534033733291,0,0,0,100,0,0,0,0,9.09090909090909,27.2727272727273,0,63.6363636363636,0,"2015-01_Montebello.transect_stereoBRUVs.NCB725","Pilbara Marine Conservation Partnership",-20.175,115.32552,20150121,"11:59:00","Montebello","Fished",NA,59.2,"Todd","Yes","Yes",NA
