"project","campaignid","sample","latitude","longitude","date","time","location","status","site","depth","observer","successful.count","successful.length","comment"
"Pilbara Marine Conservation Partnership","2014-10_Montebello.sanctuaries_stereoBRUVs","NCB521",-20.61335667,115.4360017,20141029,"8:12:00","SW.Montebello","Fished",1,10.6,"Matt","Yes","Yes",NA
"Pilbara Marine Conservation Partnership","2014-10_Montebello.sanctuaries_stereoBRUVs","NCB522",-20.60826167,115.436625,20141029,"8:15:00","SW.Montebello","Fished",1,10.6,"Matt","Yes","Yes",NA
"Pilbara Marine Conservation Partnership","2014-10_Montebello.sanctuaries_stereoBRUVs","NCB523",-20.60332833,115.4357583,20141029,"8:19:00","SW.Montebello","Fished",1,11.4,NA,"No","No",NA
"Pilbara Marine Conservation Partnership","2014-10_Montebello.sanctuaries_stereoBRUVs","NCB524",-20.60011333,115.43557,20141029,"8:02:00","SW.Montebello","Fished",1,11.6,"Katrina","Yes","Yes",NA
"Pilbara Marine Conservation Partnership","2014-10_Montebello.sanctuaries_stereoBRUVs","NCB525",-20.59529333,115.434155,20141029,"8:28:00","SW.Montebello","Fished",1,10.8,"Katrina","Yes","Yes",NA
"Pilbara Marine Conservation Partnership","2014-10_Montebello.sanctuaries_stereoBRUVs","NCB526",-20.58786,115.4324067,20141029,"8:32:00","SW.Montebello","Fished",1,11.3,"Katrina","Yes","Yes",NA
"Pilbara Marine Conservation Partnership","2014-10_Montebello.sanctuaries_stereoBRUVs","NCB527",-20.58033333,115.4315317,20141029,"8:38:00","SW.Montebello","Fished",2,12.1,"Katrina","Yes","Yes",NA
"Pilbara Marine Conservation Partnership","2014-10_Montebello.sanctuaries_stereoBRUVs","NCB528",-20.57413833,115.4307717,20141029,"8:41:00","SW.Montebello","Fished",2,11.3,"Katrina","Yes","Yes",NA
"Pilbara Marine Conservation Partnership","2014-10_Montebello.sanctuaries_stereoBRUVs","NCB529",-20.565655,115.4304983,20141029,"8:48:00","SW.Montebello","Fished",2,11.6,"Katrina","Yes","Yes",NA
"Pilbara Marine Conservation Partnership","2014-10_Montebello.sanctuaries_stereoBRUVs","NCB530",-20.56051,115.4304067,20141029,"8:55:00","SW.Montebello","Fished",2,11.1,"Katrina","Yes","Yes",NA
"Pilbara Marine Conservation Partnership","2014-10_Montebello.sanctuaries_stereoBRUVs","NCB531",-20.53742333,115.4458033,20141029,"10:21:00","SW.Montebello.Sanctuary","No-take",3,9.2,"Todd","Yes","Yes",NA
"Pilbara Marine Conservation Partnership","2014-10_Montebello.sanctuaries_stereoBRUVs","NCB532",-20.54477167,115.4574133,20141029,"10:28:00","SW.Montebello.Sanctuary","No-take",3,8,"Todd","Yes","Yes",NA
"Pilbara Marine Conservation Partnership","2014-10_Montebello.sanctuaries_stereoBRUVs","NCB533",-20.54879,115.4697,20141029,"10:34:00","SW.Montebello.Sanctuary","No-take",3,9.2,"Todd","Yes","Yes",NA
"Pilbara Marine Conservation Partnership","2014-10_Montebello.sanctuaries_stereoBRUVs","NCB534",-20.51263667,115.4801367,20141029,"10:48:00","SW.Montebello.Sanctuary","No-take",4,8,"Todd","Yes","Yes",NA
"Pilbara Marine Conservation Partnership","2014-10_Montebello.sanctuaries_stereoBRUVs","NCB535",-20.514815,115.4677083,20141029,"10:54:00","SW.Montebello.Sanctuary","No-take",4,9.6,"Todd","Yes","Yes",NA
"Pilbara Marine Conservation Partnership","2014-10_Montebello.sanctuaries_stereoBRUVs","NCB536",-20.51856667,115.4561783,20141029,"10:59:00","SW.Montebello.Sanctuary","No-take",4,9.4,"Todd","Yes","Yes",NA
"Pilbara Marine Conservation Partnership","2014-10_Montebello.sanctuaries_stereoBRUVs","NCB537",-20.51351333,115.4495533,20141029,"11:05:00","SW.Montebello.Sanctuary","No-take",5,10.1,"Todd","Yes","Yes",NA
"Pilbara Marine Conservation Partnership","2014-10_Montebello.sanctuaries_stereoBRUVs","NCB538",-20.503515,115.4448933,20141029,"11:01:00","SW.Montebello.Sanctuary","No-take",5,10,"Todd","Yes","No",NA
"Pilbara Marine Conservation Partnership","2014-10_Montebello.sanctuaries_stereoBRUVs","NCB539",-20.49274333,115.4475433,20141029,"11:15:00","SW.Montebello.Sanctuary","No-take",5,10.4,"Todd","Yes","Yes",NA
"Pilbara Marine Conservation Partnership","2014-10_Montebello.sanctuaries_stereoBRUVs","NCB540",-20.48459,115.4523683,20141029,"11:19:00","SW.Montebello.Sanctuary","No-take",5,10.4,"Todd","Yes","No",NA
"Pilbara Marine Conservation Partnership","2014-10_Montebello.sanctuaries_stereoBRUVs","NCB541",-20.45731333,115.46351,20141029,"13:02:00","SW.Montebello.Sanctuary","No-take",6,10.3,"Matt","Yes","Yes",NA
"Pilbara Marine Conservation Partnership","2014-10_Montebello.sanctuaries_stereoBRUVs","NCB542",-20.45141167,115.4658633,20141029,"13:06:00","SW.Montebello.Sanctuary","No-take",6,8.5,"Katrina","Yes","Yes",NA
"Pilbara Marine Conservation Partnership","2014-10_Montebello.sanctuaries_stereoBRUVs","NCB543",-20.44637667,115.4674667,20141029,"13:07:00","SW.Montebello.Sanctuary","No-take",6,9.5,"Matt","Yes","Yes",NA
"Pilbara Marine Conservation Partnership","2014-10_Montebello.sanctuaries_stereoBRUVs","NCB544",-20.44036,115.4730217,20141029,"13:11:00","SW.Montebello.Sanctuary","No-take",6,9.4,"Katrina","Yes","Yes",NA
"Pilbara Marine Conservation Partnership","2014-10_Montebello.sanctuaries_stereoBRUVs","NCB545",-20.4358,115.4761217,20141029,"13:15:00","SW.Montebello.Sanctuary","No-take",6,9.1,"Todd","Yes","Yes",NA
"Pilbara Marine Conservation Partnership","2014-10_Montebello.sanctuaries_stereoBRUVs","NCB546",-20.42827833,115.478225,20141029,"13:02:00","NW.Montebello","Fished",7,9.7,"Todd","Yes","Yes",NA
"Pilbara Marine Conservation Partnership","2014-10_Montebello.sanctuaries_stereoBRUVs","NCB547",-20.42313167,115.4844617,20141029,"13:23:00","NW.Montebello","Fished",7,11.9,"Todd","Yes","Yes",NA
"Pilbara Marine Conservation Partnership","2014-10_Montebello.sanctuaries_stereoBRUVs","NCB548",-20.42086667,115.4866733,20141029,"13:29:00","NW.Montebello","Fished",7,9.7,"Todd","Yes","Yes",NA
"Pilbara Marine Conservation Partnership","2014-10_Montebello.sanctuaries_stereoBRUVs","NCB549",-20.41598833,115.49133,20141029,"13:33:00","NW.Montebello","Fished",7,8.6,"Katrina","Yes","Yes",NA
"Pilbara Marine Conservation Partnership","2014-10_Montebello.sanctuaries_stereoBRUVs","NCB550",-20.40909333,115.4897267,20141029,"13:39:00","NW.Montebello","Fished",7,10.2,"Todd","Yes","Yes",NA
"Pilbara Marine Conservation Partnership","2014-10_Montebello.sanctuaries_stereoBRUVs","NCB551",-20.404815,115.4870917,20141029,"15:05:00","NW.Montebello","Fished",8,9,"Matt","Yes","Yes",NA
"Pilbara Marine Conservation Partnership","2014-10_Montebello.sanctuaries_stereoBRUVs","NCB552",-20.40097833,115.491675,20141029,"15:07:00","NW.Montebello","Fished",8,9.1,"Katrina","Yes","Yes",NA
"Pilbara Marine Conservation Partnership","2014-10_Montebello.sanctuaries_stereoBRUVs","NCB553",-20.39478667,115.491335,20141029,"15:11:00","NW.Montebello","Fished",8,10.7,"Todd","Yes","Yes",NA
"Pilbara Marine Conservation Partnership","2014-10_Montebello.sanctuaries_stereoBRUVs","NCB554",-20.38344,115.4920867,20141029,"15:28:00","NW.Montebello","Fished",8,12.3,"Emma","Yes","Yes",NA
"Pilbara Marine Conservation Partnership","2014-10_Montebello.sanctuaries_stereoBRUVs","NCB555",-20.37749833,115.4973267,20141029,"15:32:00","NW.Montebello","Fished",8,9.5,"Emma","Yes","Yes",NA
"Pilbara Marine Conservation Partnership","2014-10_Montebello.sanctuaries_stereoBRUVs","NCB556",-20.37015941,115.4968709,20141029,"15:41:00","N.Montebello.Sanctuary","No-take",9,12.6,"Emma","Yes","Yes",NA
"Pilbara Marine Conservation Partnership","2014-10_Montebello.sanctuaries_stereoBRUVs","NCB557",-20.36579667,115.498375,20141029,"15:44:00","N.Montebello.Sanctuary","No-take",9,8.3,"Emma","Yes","Yes",NA
"Pilbara Marine Conservation Partnership","2014-10_Montebello.sanctuaries_stereoBRUVs","NCB558",-20.36098333,115.5019183,20141029,"15:47:00","N.Montebello.Sanctuary","No-take",9,11.5,"Katrina","Yes","Yes",NA
"Pilbara Marine Conservation Partnership","2014-10_Montebello.sanctuaries_stereoBRUVs","NCB559",-20.35543,115.5017033,20141029,"15:52:00","N.Montebello.Sanctuary","No-take",9,9,"Katrina","Yes","Yes",NA
"Pilbara Marine Conservation Partnership","2014-10_Montebello.sanctuaries_stereoBRUVs","NCB560",-20.34991167,115.500005,20141029,"15:56:00","N.Montebello.Sanctuary","No-take",10,11.8,"Katrina","Yes","Yes",NA
"Pilbara Marine Conservation Partnership","2014-10_Montebello.sanctuaries_stereoBRUVs","NCB561",-20.34493667,115.500575,20141030,"7:31:00","N.Montebello.Sanctuary","No-take",10,12.4,"ET","Yes","Yes",NA
"Pilbara Marine Conservation Partnership","2014-10_Montebello.sanctuaries_stereoBRUVs","NCB562",-20.34061833,115.50644,20141030,"7:35:00","N.Montebello.Sanctuary","No-take",10,12.8,"ET","Yes","Yes",NA
"Pilbara Marine Conservation Partnership","2014-10_Montebello.sanctuaries_stereoBRUVs","NCB563",-20.34109667,115.5150517,20141030,"7:39:00","N.Montebello.Sanctuary","No-take",11,11.7,"ET","Yes","Yes",NA
"Pilbara Marine Conservation Partnership","2014-10_Montebello.sanctuaries_stereoBRUVs","NCB564",-20.342325,115.52405,20141030,"7:46:00","N.Montebello.Sanctuary","No-take",11,10.9,"ET","Yes","Yes",NA
"Pilbara Marine Conservation Partnership","2014-10_Montebello.sanctuaries_stereoBRUVs","NCB565",-20.345615,115.5346833,20141030,"7:52:00","N.Montebello.Sanctuary","No-take",11,12.7,"ET","Yes","Yes",NA
"Pilbara Marine Conservation Partnership","2014-10_Montebello.sanctuaries_stereoBRUVs","NCB566",-20.35170167,115.5446517,20141030,"7:56:00","N.Montebello.Sanctuary","No-take",11,9.1,"ET","Yes","Yes",NA
"Pilbara Marine Conservation Partnership","2014-10_Montebello.sanctuaries_stereoBRUVs","NCB567",-20.35786333,115.5522567,20141030,"8:00:00","NE.Montebello","Fished",12,10.7,"Matt","Yes","Yes",NA
"Pilbara Marine Conservation Partnership","2014-10_Montebello.sanctuaries_stereoBRUVs","NCB568",-20.36466667,115.5617117,20141030,"8:05:00","NE.Montebello","Fished",12,9.8,"Katrina","Yes","Yes",NA
"Pilbara Marine Conservation Partnership","2014-10_Montebello.sanctuaries_stereoBRUVs","NCB569",-20.37152,115.5689683,20141030,"8:09:00","NE.Montebello","Fished",12,11.9,"Matt","Yes","Yes",NA
"Pilbara Marine Conservation Partnership","2014-10_Montebello.sanctuaries_stereoBRUVs","NCB570",-20.37763333,115.5736667,20141030,"8:12:00","NE.Montebello","Fished",12,9.7,"Katrina","Yes","Yes",NA
"Pilbara Marine Conservation Partnership","2014-10_Montebello.sanctuaries_stereoBRUVs","NCB571",-20.381915,115.5774317,20141030,"9:39:00","NE.Montebello","Fished",12,12.1,"Matt","Yes","Yes",NA
"Pilbara Marine Conservation Partnership","2014-10_Montebello.sanctuaries_stereoBRUVs","NCB572",-20.38769167,115.581155,20141030,"9:44:00","NE.Montebello","Fished",13,11.9,"Katrina","Yes","Yes",NA
"Pilbara Marine Conservation Partnership","2014-10_Montebello.sanctuaries_stereoBRUVs","NCB573",-20.39332,115.584035,20141030,"9:46:00","NE.Montebello","Fished",13,11.5,"ET","Yes","Yes",NA
"Pilbara Marine Conservation Partnership","2014-10_Montebello.sanctuaries_stereoBRUVs","NCB574",-20.39786,115.5876917,20141030,"9:49:00","NE.Montebello","Fished",13,9.3,"ET","Yes","Yes",NA
"Pilbara Marine Conservation Partnership","2014-10_Montebello.sanctuaries_stereoBRUVs","NCB575",-20.40385167,115.5895183,20141030,"9:51:00","NE.Montebello","Fished",13,9.7,"ET","Yes","Yes",NA
"Pilbara Marine Conservation Partnership","2014-10_Montebello.sanctuaries_stereoBRUVs","NCB576",-20.40757833,115.5935383,20141030,"9:54:00","NE.Montebello","Fished",13,11.8,"ET","Yes","No",NA
"Pilbara Marine Conservation Partnership","2014-10_Montebello.sanctuaries_stereoBRUVs","NCB577",-20.41234333,115.5955617,20141030,"9:56:00","NE.Montebello","Fished",14,11.1,"ET","Yes","Yes",NA
"Pilbara Marine Conservation Partnership","2014-10_Montebello.sanctuaries_stereoBRUVs","NCB578",-20.41755667,115.598655,20141030,"10:00:00","NE.Montebello","Fished",14,8.7,"Matt","Yes","Yes",NA
"Pilbara Marine Conservation Partnership","2014-10_Montebello.sanctuaries_stereoBRUVs","NCB579",-20.421535,115.6040733,20141030,"10:02:00","NE.Montebello","Fished",14,9.5,"Katrina","Yes","Yes",NA
"Pilbara Marine Conservation Partnership","2014-10_Montebello.sanctuaries_stereoBRUVs","NCB580",-20.42809333,115.604955,20141030,"10:05:00","NE.Montebello","Fished",14,10.7,"Matt","Yes","No",NA
"Pilbara Marine Conservation Partnership","2014-10_Montebello.sanctuaries_stereoBRUVs","NCB581",-20.43854333,115.60975,20141030,"11:44:00","SE.Montebello.Sanctuary","No-take",15,11.3,"Matt","Yes","Yes",NA
"Pilbara Marine Conservation Partnership","2014-10_Montebello.sanctuaries_stereoBRUVs","NCB582",-20.43864,115.59759,20141030,"11:47:00","SE.Montebello.Sanctuary","No-take",15,11.8,"Katrina","Yes","Yes",NA
"Pilbara Marine Conservation Partnership","2014-10_Montebello.sanctuaries_stereoBRUVs","NCB583",-20.43579333,115.5889083,20141030,"11:52:00","SE.Montebello.Sanctuary","No-take",15,9.9,"Katrina","Yes","Yes",NA
"Pilbara Marine Conservation Partnership","2014-10_Montebello.sanctuaries_stereoBRUVs","NCB584",-20.44629,115.5859617,20141030,"11:56:00","SE.Montebello.Sanctuary","No-take",15,11.5,"Katrina","Yes","Yes",NA
"Pilbara Marine Conservation Partnership","2014-10_Montebello.sanctuaries_stereoBRUVs","NCB585",-20.45501167,115.58639,20141030,"11:59:00","SE.Montebello.Sanctuary","No-take",15,11.5,"Matt","Yes","Yes",NA
"Pilbara Marine Conservation Partnership","2014-10_Montebello.sanctuaries_stereoBRUVs","NCB586",-20.46391833,115.5854817,20141030,"12:04:00","SE.Montebello.Sanctuary","No-take",16,11.9,"Matt","Yes","Yes",NA
"Pilbara Marine Conservation Partnership","2014-10_Montebello.sanctuaries_stereoBRUVs","NCB587",-20.47206833,115.5801467,20141030,"12:08:00","SE.Montebello.Sanctuary","No-take",16,10.5,"Matt","Yes","No",NA
"Pilbara Marine Conservation Partnership","2014-10_Montebello.sanctuaries_stereoBRUVs","NCB588",-20.47937833,115.575085,20141030,"12:11:00","SE.Montebello.Sanctuary","No-take",16,8.5,"Emma","Yes","Yes",NA
"Pilbara Marine Conservation Partnership","2014-10_Montebello.sanctuaries_stereoBRUVs","NCB589",-20.486645,115.5689567,20141030,"12:15:00","SE.Montebello.Sanctuary","No-take",16,11.9,"Emma","Yes","Yes",NA
"Pilbara Marine Conservation Partnership","2014-10_Montebello.sanctuaries_stereoBRUVs","NCB590",-20.49486667,115.5635617,20141030,"12:02:00","SE.Montebello.Sanctuary","No-take",16,8.9,"Emma","Yes","Yes",NA
"Pilbara Marine Conservation Partnership","2014-10_Montebello.sanctuaries_stereoBRUVs","NCB591",-20.50507167,115.5644133,20141030,"13:49:00","SE.Montebello.Sanctuary","No-take",17,9.2,"Emma","Yes","Yes",NA
"Pilbara Marine Conservation Partnership","2014-10_Montebello.sanctuaries_stereoBRUVs","NCB592",-20.51542,115.5650367,20141030,"13:55:00","SE.Montebello.Sanctuary","No-take",17,8.3,"Emma","Yes","Yes",NA
"Pilbara Marine Conservation Partnership","2014-10_Montebello.sanctuaries_stereoBRUVs","NCB593",-20.52320833,115.5661433,20141030,"13:58:00","SE.Montebello.Sanctuary","No-take",17,11.3,"Emma","Yes","Yes",NA
"Pilbara Marine Conservation Partnership","2014-10_Montebello.sanctuaries_stereoBRUVs","NCB594",-20.53317608,115.5665489,20141030,"14:03:00","SE.Montebello.Sanctuary","No-take",17,9.5,"Emma","Yes","No",NA
"Pilbara Marine Conservation Partnership","2014-10_Montebello.sanctuaries_stereoBRUVs","NCB595",-20.54322,115.5719783,20141030,"14:08:00","SE.Montebello.Sanctuary","No-take",17,10.5,"Emma","Yes","Yes",NA
"Pilbara Marine Conservation Partnership","2014-10_Montebello.sanctuaries_stereoBRUVs","NCB596",-20.56196667,115.5803417,20141030,"14:15:00","SE.Montebello","Fished",18,10.4,"Emma","Yes","Yes",NA
"Pilbara Marine Conservation Partnership","2014-10_Montebello.sanctuaries_stereoBRUVs","NCB597",-20.57062667,115.5806733,20141030,"14:18:00","SE.Montebello","Fished",18,9.4,"Emma","Yes","Yes",NA
"Pilbara Marine Conservation Partnership","2014-10_Montebello.sanctuaries_stereoBRUVs","NCB598",-20.58195167,115.5806933,20141030,"14:24:00","SE.Montebello","Fished",18,8.1,"Emma","Yes","Yes",NA
"Pilbara Marine Conservation Partnership","2014-10_Montebello.sanctuaries_stereoBRUVs","NCB599",-20.59034833,115.5799017,20141030,"14:27:00","SE.Montebello","Fished",19,8.6,"Emma","Yes","No",NA
"Pilbara Marine Conservation Partnership","2014-10_Montebello.sanctuaries_stereoBRUVs","NCB600",-20.59953667,115.5771333,20141030,"14:33:00","SE.Montebello","Fished",19,12,"Emma","Yes","Yes",NA
"Pilbara Marine Conservation Partnership","2014-10_Montebello.sanctuaries_stereoBRUVs","NCB601",-20.60800333,115.5763633,20141030,"15:44:00","SE.Montebello","Fished",19,11.2,"Emma","Yes","No",NA
"Pilbara Marine Conservation Partnership","2014-10_Montebello.sanctuaries_stereoBRUVs","NCB602",-20.617625,115.5755133,20141030,"15:48:00","SE.Montebello","Fished",19,8.2,"Emma","Yes","No",NA
"Pilbara Marine Conservation Partnership","2014-10_Montebello.sanctuaries_stereoBRUVs","NCB603",-20.61837333,115.5626983,20141030,"15:54:00","SE.Montebello","Fished",19,10.5,"Emma","Yes","No",NA
"Pilbara Marine Conservation Partnership","2014-10_Montebello.sanctuaries_stereoBRUVs","NCB604",-20.61565667,115.5523667,20141030,"15:57:00","SE.Montebello","Fished",19,11.2,"Emma","Yes","No",NA
"Pilbara Marine Conservation Partnership","2014-10_Montebello.sanctuaries_stereoBRUVs","NCB605",-20.61218667,115.5416667,20141030,"16:02:00","SE.Montebello","Fished",19,8,"Emma","Yes","Yes",NA
"Pilbara Marine Conservation Partnership","2015-01_Montebello.transect_stereoBRUVs","NCB606",-20.408,115.48192,20150117,"8:45:00","Montebello","Fished",NA,25.7,"Emma","Yes","Yes",NA
"Pilbara Marine Conservation Partnership","2015-01_Montebello.transect_stereoBRUVs","NCB607",-20.407,115.47612,20150117,"8:48:00","Montebello","Fished",NA,29,"Emma","Yes","Yes",NA
"Pilbara Marine Conservation Partnership","2015-01_Montebello.transect_stereoBRUVs","NCB608",-20.405,115.46842,20150117,"8:56:00","Montebello","Fished",NA,30.4,"Emma","Yes","Yes",NA
"Pilbara Marine Conservation Partnership","2015-01_Montebello.transect_stereoBRUVs","NCB609",-20.404,115.45887,20150117,"9:01:00","Montebello","Fished",NA,29.4,"Emma","Yes","Yes",NA
"Pilbara Marine Conservation Partnership","2015-01_Montebello.transect_stereoBRUVs","NCB610",-20.402,115.45061,20150117,"9:07:00","Montebello","Fished",NA,23.3,"Emma","Yes","Yes",NA
"Pilbara Marine Conservation Partnership","2015-01_Montebello.transect_stereoBRUVs","NCB611",-20.4,115.44188,20150117,"9:12:00","Montebello","Fished",NA,22.6,"Emma","Yes","Yes",NA
"Pilbara Marine Conservation Partnership","2015-01_Montebello.transect_stereoBRUVs","NCB612",-20.398,115.43266,20150117,"9:18:00","Montebello","Fished",NA,24.5,"Emma","Yes","Yes",NA
"Pilbara Marine Conservation Partnership","2015-01_Montebello.transect_stereoBRUVs","NCB613",-20.396,115.42453,20150117,"9:23:00","Montebello","Fished",NA,26.3,"Emma","Yes","Yes",NA
"Pilbara Marine Conservation Partnership","2015-01_Montebello.transect_stereoBRUVs","NCB614",-20.394,115.41624,20150117,"9:27:00","Montebello","Fished",NA,28.3,"Matt/Todd","Yes","Yes",NA
"Pilbara Marine Conservation Partnership","2015-01_Montebello.transect_stereoBRUVs","NCB615",-20.392,115.407,20150117,"9:33:00","Montebello","Fished",NA,31.9,"Katrina","Yes","Yes",NA
"Pilbara Marine Conservation Partnership","2015-01_Montebello.transect_stereoBRUVs","NCB616",-20.39,115.39678,20150117,"11:26:00","Montebello","Fished",NA,33.1,"Katrina","Yes","Yes",NA
"Pilbara Marine Conservation Partnership","2015-01_Montebello.transect_stereoBRUVs","NCB617",-20.386,115.38707,20150117,"11:32:00","Montebello","Fished",NA,36.9,"Katrina","Yes","Yes",NA
"Pilbara Marine Conservation Partnership","2015-01_Montebello.transect_stereoBRUVs","NCB618",-20.383,115.37587,20150117,"11:40:00","Montebello","Fished",NA,40.4,"Katrina","Yes","Yes",NA
"Pilbara Marine Conservation Partnership","2015-01_Montebello.transect_stereoBRUVs","NCB619",-20.38,115.36088,20150117,"11:46:00","Montebello","Fished",NA,37.3,"Katrina","Yes","Yes",NA
"Pilbara Marine Conservation Partnership","2015-01_Montebello.transect_stereoBRUVs","NCB620",-20.376,115.34493,20150117,"11:54:00","Montebello","Fished",NA,41.6,"Katrina","Yes","Yes",NA
"Pilbara Marine Conservation Partnership","2015-01_Montebello.transect_stereoBRUVs","NCB621",-20.373,115.33427,20150117,"11:58:00","Montebello","Fished",NA,28.4,"Matt","Yes","Yes",NA
"Pilbara Marine Conservation Partnership","2015-01_Montebello.transect_stereoBRUVs","NCB622",-20.372,115.33246,20150117,"12:01:00","Montebello","Fished",NA,41.2,"Matt","Yes","Yes",NA
"Pilbara Marine Conservation Partnership","2015-01_Montebello.transect_stereoBRUVs","NCB623",-20.363,115.31109,20150117,"12:09:00","Montebello","Fished",NA,31.5,"Katrina","Yes","Yes",NA
"Pilbara Marine Conservation Partnership","2015-01_Montebello.transect_stereoBRUVs","NCB624",-20.359,115.30805,20150117,"12:12:00","Montebello","Fished",NA,21.6,"Todd","Yes","Yes",NA
"Pilbara Marine Conservation Partnership","2015-01_Montebello.transect_stereoBRUVs","NCB625",-20.352,115.30709,20150117,"12:16:00","Montebello","Fished",NA,23.5,"Katrina","Yes","Yes",NA
"Pilbara Marine Conservation Partnership","2015-01_Montebello.transect_stereoBRUVs","NCB626",-20.346,115.30979,20150117,"14:12:00","Montebello","Fished",NA,29.2,"Katrina","Yes","Yes",NA
"Pilbara Marine Conservation Partnership","2015-01_Montebello.transect_stereoBRUVs","NCB627",-20.34,115.30847,20150117,"14:15:00","Montebello","Fished",NA,28.9,"Derek","Yes","No",NA
"Pilbara Marine Conservation Partnership","2015-01_Montebello.transect_stereoBRUVs","NCB628",-20.331,115.30622,20150117,"14:19:00","Montebello","Fished",NA,25.4,"Katrina","Yes","Yes",NA
"Pilbara Marine Conservation Partnership","2015-01_Montebello.transect_stereoBRUVs","NCB629",-20.322,115.30126,20150117,"14:24:00","Montebello","Fished",NA,26.3,"Emma","Yes","Yes",NA
"Pilbara Marine Conservation Partnership","2015-01_Montebello.transect_stereoBRUVs","NCB630",-20.318,115.29277,20150117,"14:29:00","Montebello","Fished",NA,49.2,"Emma","Yes","Yes",NA
"Pilbara Marine Conservation Partnership","2015-01_Montebello.transect_stereoBRUVs","NCB631",-20.314,115.28227,20150117,"14:34:00","Montebello","Fished",NA,53,"Emma","Yes","Yes",NA
"Pilbara Marine Conservation Partnership","2015-01_Montebello.transect_stereoBRUVs","NCB632",-20.31,115.26797,20150117,"14:40:00","Montebello","Fished",NA,57.4,"Emma","Yes","Yes",NA
"Pilbara Marine Conservation Partnership","2015-01_Montebello.transect_stereoBRUVs","NCB633",-20.305,115.24854,20150117,"14:47:00","Montebello","Fished",NA,57,"Emma","Yes","Yes",NA
"Pilbara Marine Conservation Partnership","2015-01_Montebello.transect_stereoBRUVs","NCB634",-20.298,115.2249,20150117,"14:56:00","Montebello","Fished",NA,37,"Emma","Yes","Yes",NA
"Pilbara Marine Conservation Partnership","2015-01_Montebello.transect_stereoBRUVs","NCB635",-20.295,115.22048,20150117,"15:00:00","Montebello","Fished",NA,40.1,"Emma","Yes","Yes",NA
"Pilbara Marine Conservation Partnership","2015-01_Montebello.transect_stereoBRUVs","NCB636",-20.359,115.46138,20150118,"8:54:00","N.Montebello.Sanctuary","No-take",NA,23.6,"Katrina","Yes","Yes",NA
"Pilbara Marine Conservation Partnership","2015-01_Montebello.transect_stereoBRUVs","NCB637",-20.352,115.46682,20150118,"8:58:00","N.Montebello.Sanctuary","No-take",NA,29.4,"Katrina","Yes","Yes",NA
"Pilbara Marine Conservation Partnership","2015-01_Montebello.transect_stereoBRUVs","NCB638",-20.347,115.47483,20150118,"9:01:00","N.Montebello.Sanctuary","No-take",NA,32.5,"Katrina","Yes","Yes",NA
"Pilbara Marine Conservation Partnership","2015-01_Montebello.transect_stereoBRUVs","NCB639",-20.335,115.47058,20150118,"9:07:00","N.Montebello.Sanctuary","Fished",NA,36.3,"Todd","Yes","Yes",NA
"Pilbara Marine Conservation Partnership","2015-01_Montebello.transect_stereoBRUVs","NCB640",-20.327,115.4639,20150118,"9:11:00","N.Montebello.Sanctuary","Fished",NA,42.1,"Todd","Yes","Yes",NA
"Pilbara Marine Conservation Partnership","2015-01_Montebello.transect_stereoBRUVs","NCB641",-20.323,115.45317,20150118,"9:16:00","Montebello","Fished",NA,40.2,"Todd","Yes","Yes",NA
"Pilbara Marine Conservation Partnership","2015-01_Montebello.transect_stereoBRUVs","NCB642",-20.313,115.45093,20150118,"9:21:00","Montebello","Fished",NA,37,"Todd","Yes","Yes",NA
"Pilbara Marine Conservation Partnership","2015-01_Montebello.transect_stereoBRUVs","NCB643",-20.304,115.44852,20150118,"9:25:00","Montebello","Fished",NA,41.7,"Todd","Yes","Yes",NA
"Pilbara Marine Conservation Partnership","2015-01_Montebello.transect_stereoBRUVs","NCB644",-20.297,115.44248,20150118,"9:28:00","Montebello","Fished",NA,37.5,"Todd","Yes","Yes",NA
"Pilbara Marine Conservation Partnership","2015-01_Montebello.transect_stereoBRUVs","NCB645",-20.287,115.43472,20150118,"9:36:00","Montebello","Fished",NA,41.5,"Todd","Yes","Yes",NA
"Pilbara Marine Conservation Partnership","2015-01_Montebello.transect_stereoBRUVs","NCB646",-20.293,115.46864,20150118,"11:40:00","Montebello","Fished",NA,37.9,"Todd","Yes","Yes",NA
"Pilbara Marine Conservation Partnership","2015-01_Montebello.transect_stereoBRUVs","NCB647",-20.286,115.47399,20150118,"11:45:00","Montebello","Fished",NA,35.1,"Todd","Yes","Yes",NA
"Pilbara Marine Conservation Partnership","2015-01_Montebello.transect_stereoBRUVs","NCB648",-20.275,115.47544,20150118,"11:48:00","Montebello","Fished",NA,36.9,"Todd","Yes","Yes",NA
"Pilbara Marine Conservation Partnership","2015-01_Montebello.transect_stereoBRUVs","NCB649",-20.264,115.47558,20150118,"11:54:00","Montebello","Fished",NA,42.4,"Katrina","Yes","Yes",NA
"Pilbara Marine Conservation Partnership","2015-01_Montebello.transect_stereoBRUVs","NCB650",-20.255,115.46988,20150118,"11:57:00","Montebello","Fished",NA,40.8,"Katrina","Yes","Yes",NA
"Pilbara Marine Conservation Partnership","2015-01_Montebello.transect_stereoBRUVs","NCB651",-20.249,115.46059,20150118,"12:01:00","Montebello","Fished",NA,40.8,"Katrina","Yes","Yes",NA
"Pilbara Marine Conservation Partnership","2015-01_Montebello.transect_stereoBRUVs","NCB652",-20.244,115.452,20150118,"12:06:00","Montebello","Fished",NA,42.4,"Katrina","Yes","Yes",NA
"Pilbara Marine Conservation Partnership","2015-01_Montebello.transect_stereoBRUVs","NCB653",-20.238,115.44558,20150118,"12:11:00","Montebello","Fished",NA,41.1,"Katrina","Yes","Yes",NA
"Pilbara Marine Conservation Partnership","2015-01_Montebello.transect_stereoBRUVs","NCB654",-20.23,115.44186,20150118,"12:15:00","Montebello","Fished",NA,44.6,"Katrina","Yes","Yes",NA
"Pilbara Marine Conservation Partnership","2015-01_Montebello.transect_stereoBRUVs","NCB655",-20.216,115.43804,20150118,"12:21:00","Montebello","Fished",NA,39.5,"Katrina","Yes","Yes",NA
"Pilbara Marine Conservation Partnership","2015-01_Montebello.transect_stereoBRUVs","NCB656",-20.212,115.41182,20150118,"14:29:00","Montebello","Fished",NA,45.6,"Katrina","Yes","Yes",NA
"Pilbara Marine Conservation Partnership","2015-01_Montebello.transect_stereoBRUVs","NCB657",-20.211,115.40549,20150118,"14:32:00","Montebello","Fished",NA,34.6,"Todd","Yes","Yes",NA
"Pilbara Marine Conservation Partnership","2015-01_Montebello.transect_stereoBRUVs","NCB658",-20.209,115.4014,20150118,"14:34:00","Montebello","Fished",NA,43.8,"Todd","Yes","Yes",NA
"Pilbara Marine Conservation Partnership","2015-01_Montebello.transect_stereoBRUVs","NCB659",-20.2,115.4004,20150118,"14:39:00","Montebello","Fished",NA,41.4,"Todd","Yes","Yes",NA
"Pilbara Marine Conservation Partnership","2015-01_Montebello.transect_stereoBRUVs","NCB660",-20.19,115.40096,20150118,"14:42:00","Montebello","Fished",NA,44.4,"Todd","Yes","Yes",NA
"Pilbara Marine Conservation Partnership","2015-01_Montebello.transect_stereoBRUVs","NCB661",-20.181,115.40126,20150118,"14:46:00","Montebello","Fished",NA,45.8,"Todd","Yes","Yes",NA
"Pilbara Marine Conservation Partnership","2015-01_Montebello.transect_stereoBRUVs","NCB662",-20.173,115.39799,20150118,"14:50:00","Montebello","Fished",NA,55.6,"Todd","Yes","Yes",NA
"Pilbara Marine Conservation Partnership","2015-01_Montebello.transect_stereoBRUVs","NCB663",-20.164,115.39062,20150118,"14:55:00","Montebello","Fished",NA,64,"Todd","Yes","No",NA
"Pilbara Marine Conservation Partnership","2015-01_Montebello.transect_stereoBRUVs","NCB664",-20.159,115.38199,20150118,"15:00:00","Montebello","Fished",NA,56.5,"Todd","Yes","Yes",NA
"Pilbara Marine Conservation Partnership","2015-01_Montebello.transect_stereoBRUVs","NCB665",-20.151,115.37592,20150118,"15:04:00","Montebello","Fished",NA,52.5,"Todd","Yes","Yes",NA
"Pilbara Marine Conservation Partnership","2015-01_Montebello.transect_stereoBRUVs","NCB666",-20.388,115.58931,20150119,"8:16:00","Montebello","Fished",NA,39,"Matt","Yes","Yes",NA
"Pilbara Marine Conservation Partnership","2015-01_Montebello.transect_stereoBRUVs","NCB667",-20.382,115.59217,20150119,"8:21:00","Montebello","Fished",NA,40.8,"Matt","Yes","Yes",NA
"Pilbara Marine Conservation Partnership","2015-01_Montebello.transect_stereoBRUVs","NCB668",-20.374,115.59672,20150119,"8:25:00","Montebello","Fished",NA,43.8,"Matt","Yes","Yes",NA
"Pilbara Marine Conservation Partnership","2015-01_Montebello.transect_stereoBRUVs","NCB669",-20.367,115.60213,20150119,"8:29:00","Montebello","Fished",NA,43.5,"Matt","Yes","Yes",NA
"Pilbara Marine Conservation Partnership","2015-01_Montebello.transect_stereoBRUVs","NCB670",-20.361,115.60673,20150119,"8:36:00","Montebello","Fished",NA,41.8,"Matt","Yes","Yes",NA
"Pilbara Marine Conservation Partnership","2015-01_Montebello.transect_stereoBRUVs","NCB671",-20.353,115.61344,20150119,"8:41:00","Montebello","Fished",NA,50.2,"Matt","Yes","Yes",NA
"Pilbara Marine Conservation Partnership","2015-01_Montebello.transect_stereoBRUVs","NCB672",-20.346,115.61931,20150119,"8:56:00","Montebello","Fished",NA,51.5,"Matt","Yes","Yes",NA
"Pilbara Marine Conservation Partnership","2015-01_Montebello.transect_stereoBRUVs","NCB673",-20.338,115.62629,20150119,"9:00:00","Montebello","Fished",NA,51.4,"Todd","Yes","No",NA
"Pilbara Marine Conservation Partnership","2015-01_Montebello.transect_stereoBRUVs","NCB674",-20.332,115.63252,20150119,"9:04:00","Montebello","Fished",NA,52.3,"Matt","Yes","Yes",NA
"Pilbara Marine Conservation Partnership","2015-01_Montebello.transect_stereoBRUVs","NCB675",-20.324,115.63919,20150119,"9:09:00","Montebello","Fished",NA,52.5,"Matt","Yes","No",NA
"Pilbara Marine Conservation Partnership","2015-01_Montebello.transect_stereoBRUVs","NCB676",-20.356,115.54955,20150119,"11:45:00","Montebello","Fished",NA,11.4,"Becca","Yes","Yes",NA
"Pilbara Marine Conservation Partnership","2015-01_Montebello.transect_stereoBRUVs","NCB677",-20.352,115.55063,20150119,"11:47:00","Montebello","Fished",NA,35,"Matt","Yes","Yes",NA
"Pilbara Marine Conservation Partnership","2015-01_Montebello.transect_stereoBRUVs","NCB678",-20.349,115.54716,20150119,"11:49:00","N.Montebello.Sanctuary","No-take",NA,31.2,"Matt","Yes","Yes",NA
"Pilbara Marine Conservation Partnership","2015-01_Montebello.transect_stereoBRUVs","NCB679",-20.346,115.54161,20150119,"11:53:00","N.Montebello.Sanctuary","No-take",NA,27,"Derek","Yes","No",NA
"Pilbara Marine Conservation Partnership","2015-01_Montebello.transect_stereoBRUVs","NCB680",-20.342,115.53515,20150119,"11:56:00","N.Montebello.Sanctuary","No-take",NA,30.3,"Derek","Yes","Yes",NA
"Pilbara Marine Conservation Partnership","2015-01_Montebello.transect_stereoBRUVs","NCB681",-20.338,115.52941,20150119,"11:59:00","N.Montebello.Sanctuary","No-take",NA,36.3,"Derek","Yes","Yes",NA
"Pilbara Marine Conservation Partnership","2015-01_Montebello.transect_stereoBRUVs","NCB682",-20.332,115.52544,20150119,"12:02:00","N.Montebello.Sanctuary","No-take",NA,37.7,"Derek","Yes","Yes",NA
"Pilbara Marine Conservation Partnership","2015-01_Montebello.transect_stereoBRUVs","NCB683",-20.324,115.52499,20150119,"12:05:00","N.Montebello.Sanctuary","No-take",NA,45.9,"Derek","Yes","Yes",NA
"Pilbara Marine Conservation Partnership","2015-01_Montebello.transect_stereoBRUVs","NCB684",-20.317,115.52503,20150119,"12:07:00","N.Montebello.Sanctuary","No-take",NA,38.8,"Derek","Yes","Yes",NA
"Pilbara Marine Conservation Partnership","2015-01_Montebello.transect_stereoBRUVs","NCB685",-20.311,115.52425,20150119,"12:10:00","Montebello","Fished",NA,41.3,"Derek","Yes","Yes",NA
"Pilbara Marine Conservation Partnership","2015-01_Montebello.transect_stereoBRUVs","NCB686",-20.327,115.61157,20150119,"15:01:00","Montebello","Fished",NA,52.5,"Derek","Yes","Yes",NA
"Pilbara Marine Conservation Partnership","2015-01_Montebello.transect_stereoBRUVs","NCB687",-20.32,115.61669,20150119,"15:04:00","Montebello","Fished",NA,52.5,"Matt","Yes","No",NA
"Pilbara Marine Conservation Partnership","2015-01_Montebello.transect_stereoBRUVs","NCB688",-20.312,115.62166,20150119,"15:08:00","Montebello","Fished",NA,52.1,"Derek","Yes","Yes",NA
"Pilbara Marine Conservation Partnership","2015-01_Montebello.transect_stereoBRUVs","NCB689",-20.305,115.62764,20150119,"15:12:00","Montebello","Fished",NA,52.7,"Derek","Yes","Yes",NA
"Pilbara Marine Conservation Partnership","2015-01_Montebello.transect_stereoBRUVs","NCB690",-20.297,115.63322,20150119,"15:15:00","Montebello","Fished",NA,52.7,"Derek","Yes","No",NA
"Pilbara Marine Conservation Partnership","2015-01_Montebello.transect_stereoBRUVs","NCB691",-20.29,115.63811,20150119,"15:18:00","Montebello","Fished",NA,54.2,"Todd","Yes","Yes",NA
"Pilbara Marine Conservation Partnership","2015-01_Montebello.transect_stereoBRUVs","NCB692",-20.284,115.64255,20150119,"15:22:00","Montebello","Fished",NA,54.5,"Todd","Yes","No",NA
"Pilbara Marine Conservation Partnership","2015-01_Montebello.transect_stereoBRUVs","NCB693",-20.278,115.64707,20150119,"15:25:00","Montebello","Fished",NA,54.7,"Todd","Yes","No",NA
"Pilbara Marine Conservation Partnership","2015-01_Montebello.transect_stereoBRUVs","NCB694",-20.271,115.65237,20150119,"15:28:00","Montebello","Fished",NA,56.6,"Matt","Yes","Yes",NA
"Pilbara Marine Conservation Partnership","2015-01_Montebello.transect_stereoBRUVs","NCB695",-20.264,115.65745,20150119,"15:32:00","Montebello","Fished",NA,56.9,"Matt","Yes","Yes",NA
"Pilbara Marine Conservation Partnership","2015-01_Montebello.transect_stereoBRUVs","NCB696",-20.455,115.45607,20150120,"13:06:00","S.Montebello.Sanctuary","No-take",NA,30.3,"Katrina","Yes","Yes",NA
"Pilbara Marine Conservation Partnership","2015-01_Montebello.transect_stereoBRUVs","NCB697",-20.454,115.44602,20150120,"13:11:00","S.Montebello.Sanctuary","No-take",NA,33,"Katrina","Yes","Yes",NA
"Pilbara Marine Conservation Partnership","2015-01_Montebello.transect_stereoBRUVs","NCB698",-20.454,115.43468,20150120,"13:15:00","Montebello","Fished",NA,35.6,"Katrina","Yes","Yes",NA
"Pilbara Marine Conservation Partnership","2015-01_Montebello.transect_stereoBRUVs","NCB699",-20.453,115.42262,20150120,"13:20:00","Montebello","Fished",NA,37.1,"Katrina","Yes","Yes",NA
"Pilbara Marine Conservation Partnership","2015-01_Montebello.transect_stereoBRUVs","NCB700",-20.453,115.41094,20150120,"13:24:00","Montebello","Fished",NA,37.9,"Katrina","Yes","Yes",NA
"Pilbara Marine Conservation Partnership","2015-01_Montebello.transect_stereoBRUVs","NCB701",-20.452,115.39525,20150120,"13:30:00","Montebello","Fished",NA,39.2,"Katrina","Yes","Yes",NA
"Pilbara Marine Conservation Partnership","2015-01_Montebello.transect_stereoBRUVs","NCB702",-20.452,115.37684,20150120,"13:36:00","Montebello","Fished",NA,40.5,"Katrina","Yes","Yes",NA
"Pilbara Marine Conservation Partnership","2015-01_Montebello.transect_stereoBRUVs","NCB703",-20.452,115.35879,20150120,"13:44:00","Montebello","Fished",NA,41.6,"Katrina","Yes","Yes",NA
"Pilbara Marine Conservation Partnership","2015-01_Montebello.transect_stereoBRUVs","NCB704",-20.452,115.33738,20150120,"13:52:00","Montebello","Fished",NA,27.7,"Katrina","Yes","Yes",NA
"Pilbara Marine Conservation Partnership","2015-01_Montebello.transect_stereoBRUVs","NCB705",-20.453,115.33355,20150120,"13:54:00","Montebello","Fished",NA,31.8,"Katrina","Yes","Yes",NA
"Pilbara Marine Conservation Partnership","2015-01_Montebello.transect_stereoBRUVs","NCB706",-20.257,115.37386,20150121,"8:44:00","Montebello","Fished",NA,42.6,"Katrina","Yes","Yes",NA
"Pilbara Marine Conservation Partnership","2015-01_Montebello.transect_stereoBRUVs","NCB707",-20.256,115.36375,20150121,"8:48:00","Montebello","Fished",NA,41.3,"Katrina","Yes","Yes",NA
"Pilbara Marine Conservation Partnership","2015-01_Montebello.transect_stereoBRUVs","NCB708",-20.248,115.35784,20150121,"8:53:00","Montebello","Fished",NA,50.4,"Katrina","Yes","Yes",NA
"Pilbara Marine Conservation Partnership","2015-01_Montebello.transect_stereoBRUVs","NCB709",-20.242,115.35425,20150121,"8:56:00","Montebello","Fished",NA,25.4,"Katrina","Yes","Yes",NA
"Pilbara Marine Conservation Partnership","2015-01_Montebello.transect_stereoBRUVs","NCB710",-20.235,115.35024,20150121,"9:01:00","Montebello","Fished",NA,23.1,"Katrina","Yes","No",NA
"Pilbara Marine Conservation Partnership","2015-01_Montebello.transect_stereoBRUVs","NCB711",-20.227,115.35444,20150121,"9:05:00","Montebello","Fished",NA,19.9,"Katrina","Yes","Yes",NA
"Pilbara Marine Conservation Partnership","2015-01_Montebello.transect_stereoBRUVs","NCB712",-20.219,115.35737,20150121,"9:09:00","Montebello","Fished",NA,48,"Katrina","Yes","Yes",NA
"Pilbara Marine Conservation Partnership","2015-01_Montebello.transect_stereoBRUVs","NCB713",-20.211,115.35904,20150121,"9:13:00","Montebello","Fished",NA,43,"Katrina","Yes","Yes",NA
"Pilbara Marine Conservation Partnership","2015-01_Montebello.transect_stereoBRUVs","NCB714",-20.202,115.36106,20150121,"9:17:00","Montebello","Fished",NA,39.5,"Katrina","Yes","No",NA
"Pilbara Marine Conservation Partnership","2015-01_Montebello.transect_stereoBRUVs","NCB715",-20.194,115.36173,20150121,"9:22:00","Montebello","Fished",NA,52.2,"Katrina","Yes","Yes",NA
"Pilbara Marine Conservation Partnership","2015-01_Montebello.transect_stereoBRUVs","NCB716",-20.247,115.33094,20150121,"11:26:00","Montebello","Fished",NA,41.3,"Katrina","Yes","Yes",NA
"Pilbara Marine Conservation Partnership","2015-01_Montebello.transect_stereoBRUVs","NCB717",-20.239,115.33223,20150121,"11:30:00","Montebello","Fished",NA,41.6,"Katrina","Yes","Yes",NA
"Pilbara Marine Conservation Partnership","2015-01_Montebello.transect_stereoBRUVs","NCB718",-20.233,115.33335,20150121,"11:33:00","Montebello","Fished",NA,41.1,"Todd","Yes","Yes",NA
"Pilbara Marine Conservation Partnership","2015-01_Montebello.transect_stereoBRUVs","NCB719",-20.225,115.33253,20150121,"11:36:00","Montebello","Fished",NA,51.5,"Todd","Yes","Yes",NA
"Pilbara Marine Conservation Partnership","2015-01_Montebello.transect_stereoBRUVs","NCB720",-20.216,115.33145,20150121,"11:40:00","Montebello","Fished",NA,42.5,"Todd","Yes","Yes",NA
"Pilbara Marine Conservation Partnership","2015-01_Montebello.transect_stereoBRUVs","NCB721",-20.207,115.33126,20150121,"11:45:00","Montebello","Fished",NA,53.3,"Todd","Yes","Yes",NA
"Pilbara Marine Conservation Partnership","2015-01_Montebello.transect_stereoBRUVs","NCB722",-20.199,115.33322,20150121,"11:48:00","Montebello","Fished",NA,52.7,"Todd","Yes","Yes",NA
"Pilbara Marine Conservation Partnership","2015-01_Montebello.transect_stereoBRUVs","NCB723",-20.191,115.33459,20150121,"11:53:00","Montebello","Fished",NA,55.3,"Todd","Yes","Yes",NA
"Pilbara Marine Conservation Partnership","2015-01_Montebello.transect_stereoBRUVs","NCB724",-20.182,115.33233,20150121,"11:55:00","Montebello","Fished",NA,57.4,"Todd","Yes","Yes",NA
"Pilbara Marine Conservation Partnership","2015-01_Montebello.transect_stereoBRUVs","NCB725",-20.175,115.32552,20150121,"11:59:00","Montebello","Fished",NA,59.2,"Todd","Yes","Yes",NA
